pos	topology	majority	n_models	n_majority	unanimous	classes
1	Cytoplasmic	EXPOSED	5	5	1	EXPOSED:5
2	Cytoplasmic	GREY	5	5	1	GREY:5
3	Cytoplasmic	EXPOSED	5	5	1	EXPOSED:5
4	Cytoplasmic	GREY	5	5	1	GREY:5
5	Cytoplasmic	GREY	5	5	1	GREY:5
6	Cytoplasmic	GREY	5	4	0	GREY:4,EXPOSED:1
7	Cytoplasmic	CORE	5	5	1	CORE:5
8	Cytoplasmic	CORE	5	5	1	CORE:5
9	Cytoplasmic	EXPOSED	5	5	1	EXPOSED:5
10	Cytoplasmic	EXPOSED	5	5	1	EXPOSED:5
11	Cytoplasmic	CORE	5	5	1	CORE:5
12	Cytoplasmic	GREY	5	5	1	GREY:5
13	Cytoplasmic	GREY	5	3	0	GREY:3,EXPOSED:2
14	Cytoplasmic	EXPOSED	5	5	1	EXPOSED:5
15	Cytoplasmic	GREY	5	5	1	GREY:5
16	Cytoplasmic	EXPOSED	5	5	1	EXPOSED:5
17	Cytoplasmic	CORE	5	5	1	CORE:5
18	Cytoplasmic	CORE	5	5	1	CORE:5
19	Cytoplasmic	EXPOSED	5	5	1	EXPOSED:5
20	Cytoplasmic	EXPOSED	5	4	0	EXPOSED:4,GREY:1
21	Cytoplasmic	CORE	5	5	1	CORE:5
22	Transmembrane	GREY	5	5	1	GREY:5
23	Transmembrane	GREY	5	5	1	GREY:5
24	Transmembrane	GREY	5	5	1	GREY:5
25	Transmembrane	CORE	5	5	1	CORE:5
26	Transmembrane	GREY	5	4	0	GREY:4,CORE:1
27	Transmembrane	GREY	5	5	1	GREY:5
28	Transmembrane	CORE	5	5	1	CORE:5
29	Transmembrane	CORE	5	5	1	CORE:5
30	Transmembrane	GREY	5	5	1	GREY:5
31	Transmembrane	GREY	5	5	1	GREY:5
32	Transmembrane	GREY	5	4	0	GREY:4,CORE:1
33	Transmembrane	CORE	5	5	1	CORE:5
34	Transmembrane	GREY	5	5	1	GREY:5
35	Transmembrane	CORE	5	5	1	CORE:5
36	Transmembrane	GREY	5	5	1	GREY:5
37	Transmembrane	CORE	5	5	1	CORE:5
38	Transmembrane	CORE	5	5	1	CORE:5
39	Transmembrane	CORE	5	5	1	CORE:5
40	Transmembrane	CORE	5	5	1	CORE:5
41	Transmembrane	CORE	5	5	1	CORE:5
42	Transmembrane	CORE	5	5	1	CORE:5
43	Extracellular	CORE	5	3	0	CORE:3,GREY:2
44	Extracellular	GREY	5	5	1	GREY:5
45	Extracellular	EXPOSED	5	5	1	EXPOSED:5
46	Extracellular	CORE	5	5	1	CORE:5
47	Extracellular	EXPOSED	5	5	1	EXPOSED:5
48	Extracellular	CORE	5	3	0	CORE:3,GREY:2
49	Extracellular	GREY	5	5	1	GREY:5
50	Extracellular	CORE	5	5	1	CORE:5
51	Extracellular	EXPOSED	5	5	1	EXPOSED:5
52	Extracellular	GREY	5	5	1	GREY:5
53	Extracellular	EXPOSED	5	5	1	EXPOSED:5
54	Extracellular	GREY	5	5	1	GREY:5
55	Extracellular	CORE	5	5	1	CORE:5
56	Extracellular	EXPOSED	5	5	1	EXPOSED:5
57	Extracellular	EXPOSED	5	5	1	EXPOSED:5
58	Extracellular	CORE	5	5	1	CORE:5
59	Extracellular	CORE	5	5	1	CORE:5
60	Extracellular	EXPOSED	5	5	1	EXPOSED:5
61	Extracellular	EXPOSED	5	5	1	EXPOSED:5
62	Extracellular	GREY	5	5	1	GREY:5
63	Extracellular	EXPOSED	5	5	1	EXPOSED:5
64	Extracellular	GREY	5	3	0	GREY:3,CORE:2
65	Extracellular	GREY	5	4	0	GREY:4,EXPOSED:1
66	Extracellular	EXPOSED	5	5	1	EXPOSED:5
67	Extracellular	EXPOSED	5	5	1	EXPOSED:5
68	Extracellular	EXPOSED	5	5	1	EXPOSED:5
69	Extracellular	GREY	5	5	1	GREY:5
70	Extracellular	EXPOSED	5	4	0	EXPOSED:4,GREY:1
71	Extracellular	EXPOSED	5	5	1	EXPOSED:5
72	Extracellular	GREY	5	5	1	GREY:5
73	Extracellular	CORE	5	4	0	CORE:4,GREY:1
74	Extracellular	GREY	5	5	1	GREY:5
75	Extracellular	CORE	5	3	0	CORE:3,GREY:2
76	Extracellular	EXPOSED	5	5	1	EXPOSED:5
77	Extracellular	EXPOSED	5	5	1	EXPOSED:5
78	Extracellular	GREY	5	4	0	GREY:4,EXPOSED:1
79	Extracellular	EXPOSED	5	5	1	EXPOSED:5
80	Extracellular	EXPOSED	5	5	1	EXPOSED:5
81	Extracellular	EXPOSED	5	5	1	EXPOSED:5
82	Extracellular	EXPOSED	5	5	1	EXPOSED:5
83	Extracellular	GREY	5	5	1	GREY:5
84	Extracellular	EXPOSED	5	5	1	EXPOSED:5
85	Extracellular	EXPOSED	5	5	1	EXPOSED:5
86	Extracellular	CORE	5	5	1	CORE:5
87	Extracellular	GREY	5	5	1	GREY:5
88	Extracellular	GREY	5	5	1	GREY:5
89	Extracellular	EXPOSED	5	5	1	EXPOSED:5
90	Extracellular	GREY	5	4	0	GREY:4,CORE:1
91	Extracellular	CORE	5	3	0	CORE:3,GREY:2
92	Extracellular	EXPOSED	5	5	1	EXPOSED:5
93	Extracellular	CORE	5	5	1	CORE:5
94	Extracellular	EXPOSED	5	5	1	EXPOSED:5
95	Extracellular	CORE	5	5	1	CORE:5
96	Extracellular	EXPOSED	5	5	1	EXPOSED:5
97	Extracellular	EXPOSED	5	5	1	EXPOSED:5
98	Extracellular	EXPOSED	5	5	1	EXPOSED:5
99	Extracellular	EXPOSED	5	5	1	EXPOSED:5
100	Extracellular	CORE	5	5	1	CORE:5
101	Extracellular	EXPOSED	5	5	1	EXPOSED:5
102	Extracellular	EXPOSED	5	5	1	EXPOSED:5
103	Extracellular	EXPOSED	5	5	1	EXPOSED:5
104	Extracellular	GREY	5	4	0	GREY:4,EXPOSED:1
105	Extracellular	CORE	5	5	1	CORE:5
106	Extracellular	CORE	5	4	0	CORE:4,GREY:1
107	Extracellular	EXPOSED	5	5	1	EXPOSED:5
108	Extracellular	EXPOSED	5	5	1	EXPOSED:5
109	Extracellular	EXPOSED	5	4	0	EXPOSED:4,GREY:1
110	Extracellular	GREY	5	4	0	GREY:4,EXPOSED:1
111	Extracellular	EXPOSED	5	5	1	EXPOSED:5
112	Extracellular	EXPOSED	5	5	1	EXPOSED:5
113	Extracellular	EXPOSED	5	5	1	EXPOSED:5
114	Extracellular	EXPOSED	5	5	1	EXPOSED:5
115	Extracellular	EXPOSED	5	5	1	EXPOSED:5
116	Extracellular	CORE	5	3	0	CORE:3,GREY:2
117	Extracellular	EXPOSED	5	5	1	EXPOSED:5
118	Extracellular	EXPOSED	5	5	1	EXPOSED:5
119	Extracellular	CORE	5	5	1	CORE:5
120	Extracellular	EXPOSED	5	5	1	EXPOSED:5
121	Extracellular	GREY	5	5	1	GREY:5
122	Extracellular	EXPOSED	5	5	1	EXPOSED:5
123	Extracellular	EXPOSED	5	5	1	EXPOSED:5
124	Extracellular	GREY	5	5	1	GREY:5
125	Extracellular	GREY	5	5	1	GREY:5
126	Extracellular	EXPOSED	5	3	0	EXPOSED:3,GREY:2
127	Extracellular	GREY	5	5	1	GREY:5
128	Extracellular	EXPOSED	5	5	1	EXPOSED:5
129	Extracellular	GREY	5	5	1	GREY:5
130	Extracellular	EXPOSED	5	5	1	EXPOSED:5
131	Extracellular	GREY	5	5	1	GREY:5
132	Extracellular	GREY	5	5	1	GREY:5
133	Extracellular	CORE	5	5	1	CORE:5
134	Extracellular	CORE	5	5	1	CORE:5
135	Extracellular	CORE	5	5	1	CORE:5
136	Extracellular	GREY	5	5	1	GREY:5
137	Extracellular	EXPOSED	5	5	1	EXPOSED:5
138	Extracellular	GREY	5	5	1	GREY:5
139	Extracellular	GREY	5	3	0	GREY:3,EXPOSED:2
140	Extracellular	CORE	5	5	1	CORE:5
141	Extracellular	CORE	5	5	1	CORE:5
142	Extracellular	GREY	5	5	1	GREY:5
143	Extracellular	EXPOSED	5	5	1	EXPOSED:5
144	Extracellular	GREY	5	3	0	GREY:3,EXPOSED:2
145	Extracellular	GREY	5	5	1	GREY:5
146	Extracellular	EXPOSED	5	5	1	EXPOSED:5
147	Extracellular	GREY	5	5	1	GREY:5
148	Extracellular	CORE	5	3	0	CORE:3,GREY:2
149	Extracellular	CORE	5	5	1	CORE:5
150	Transmembrane	GREY	5	5	1	GREY:5
151	Transmembrane	CORE	5	5	1	CORE:5
152	Transmembrane	CORE	5	5	1	CORE:5
153	Transmembrane	CORE	5	5	1	CORE:5
154	Transmembrane	GREY	5	5	1	GREY:5
155	Transmembrane	CORE	5	5	1	CORE:5
156	Transmembrane	CORE	5	5	1	CORE:5
157	Transmembrane	GREY	5	5	1	GREY:5
158	Transmembrane	CORE	5	5	1	CORE:5
159	Transmembrane	CORE	5	5	1	CORE:5
160	Transmembrane	GREY	5	5	1	GREY:5
161	Transmembrane	GREY	5	5	1	GREY:5
162	Transmembrane	CORE	5	5	1	CORE:5
163	Transmembrane	CORE	5	3	0	CORE:3,GREY:2
164	Transmembrane	GREY	5	5	1	GREY:5
165	Transmembrane	GREY	5	5	1	GREY:5
166	Transmembrane	GREY	5	4	0	GREY:4,CORE:1
167	Transmembrane	GREY	5	5	1	GREY:5
168	Transmembrane	GREY	5	5	1	GREY:5
169	Transmembrane	GREY	5	5	1	GREY:5
170	Transmembrane	GREY	5	3	0	GREY:3,CORE:2
171	Cytoplasmic	EXPOSED	5	5	1	EXPOSED:5
172	Cytoplasmic	EXPOSED	5	5	1	EXPOSED:5
173	Cytoplasmic	EXPOSED	5	5	1	EXPOSED:5
174	Cytoplasmic	CORE	5	5	1	CORE:5
175	Cytoplasmic	GREY	5	5	1	GREY:5
176	Cytoplasmic	GREY	5	5	1	GREY:5
177	Transmembrane	GREY	5	5	1	GREY:5
178	Transmembrane	CORE	5	5	1	CORE:5
179	Transmembrane	CORE	5	4	0	CORE:4,GREY:1
180	Transmembrane	GREY	5	5	1	GREY:5
181	Transmembrane	GREY	5	5	1	GREY:5
182	Transmembrane	CORE	5	5	1	CORE:5
183	Transmembrane	CORE	5	5	1	CORE:5
184	Transmembrane	GREY	5	5	1	GREY:5
185	Transmembrane	GREY	5	5	1	GREY:5
186	Transmembrane	CORE	5	5	1	CORE:5
187	Transmembrane	CORE	5	5	1	CORE:5
188	Transmembrane	GREY	5	5	1	GREY:5
189	Transmembrane	CORE	5	5	1	CORE:5
190	Transmembrane	CORE	5	5	1	CORE:5
191	Transmembrane	GREY	5	5	1	GREY:5
192	Transmembrane	GREY	5	5	1	GREY:5
193	Transmembrane	CORE	5	5	1	CORE:5
194	Transmembrane	CORE	5	5	1	CORE:5
195	Transmembrane	GREY	5	5	1	GREY:5
196	Transmembrane	CORE	5	5	1	CORE:5
197	Transmembrane	GREY	5	5	1	GREY:5
198	Extracellular	EXPOSED	5	5	1	EXPOSED:5
199	Extracellular	CORE	5	3	0	CORE:3,GREY:2
200	Extracellular	EXPOSED	5	5	1	EXPOSED:5
201	Extracellular	GREY	5	5	1	GREY:5
202	Extracellular	CORE	5	5	1	CORE:5
203	Extracellular	CORE	5	4	0	CORE:4,GREY:1
204	Extracellular	EXPOSED	5	5	1	EXPOSED:5
205	Extracellular	GREY	5	5	1	GREY:5
206	Extracellular	CORE	5	5	1	CORE:5
207	Transmembrane	GREY	5	5	1	GREY:5
208	Transmembrane	GREY	5	5	1	GREY:5
209	Transmembrane	CORE	5	5	1	CORE:5
210	Transmembrane	CORE	5	5	1	CORE:5
211	Transmembrane	GREY	5	5	1	GREY:5
212	Transmembrane	CORE	5	4	0	CORE:4,GREY:1
213	Transmembrane	CORE	5	5	1	CORE:5
214	Transmembrane	GREY	5	4	0	GREY:4,CORE:1
215	Transmembrane	CORE	5	5	1	CORE:5
216	Transmembrane	CORE	5	5	1	CORE:5
217	Transmembrane	GREY	5	5	1	GREY:5
218	Transmembrane	GREY	5	5	1	GREY:5
219	Transmembrane	CORE	5	5	1	CORE:5
220	Transmembrane	CORE	5	5	1	CORE:5
221	Transmembrane	GREY	5	5	1	GREY:5
222	Transmembrane	GREY	5	5	1	GREY:5
223	Transmembrane	CORE	5	5	1	CORE:5
224	Transmembrane	CORE	5	5	1	CORE:5
225	Transmembrane	GREY	5	5	1	GREY:5
226	Transmembrane	CORE	5	3	0	CORE:3,GREY:2
227	Transmembrane	CORE	5	5	1	CORE:5
228	Transmembrane	CORE	5	5	1	CORE:5
229	Transmembrane	CORE	5	5	1	CORE:5
230	Cytoplasmic	EXPOSED	5	5	1	EXPOSED:5
231	Cytoplasmic	EXPOSED	5	5	1	EXPOSED:5
232	Cytoplasmic	GREY	5	5	1	GREY:5
233	Cytoplasmic	GREY	5	5	1	GREY:5
234	Cytoplasmic	EXPOSED	5	5	1	EXPOSED:5
235	Cytoplasmic	EXPOSED	5	5	1	EXPOSED:5
236	Transmembrane	GREY	5	4	0	GREY:4,CORE:1
237	Transmembrane	CORE	5	4	0	CORE:4,GREY:1
238	Transmembrane	CORE	5	5	1	CORE:5
239	Transmembrane	GREY	5	5	1	GREY:5
240	Transmembrane	CORE	5	5	1	CORE:5
241	Transmembrane	GREY	5	5	1	GREY:5
242	Transmembrane	GREY	5	4	0	GREY:4,CORE:1
243	Transmembrane	CORE	5	3	0	CORE:3,GREY:2
244	Transmembrane	CORE	5	5	1	CORE:5
245	Transmembrane	CORE	5	5	1	CORE:5
246	Transmembrane	GREY	5	5	1	GREY:5
247	Transmembrane	CORE	5	5	1	CORE:5
248	Transmembrane	CORE	5	5	1	CORE:5
249	Transmembrane	GREY	5	5	1	GREY:5
250	Transmembrane	GREY	5	5	1	GREY:5
251	Transmembrane	CORE	5	5	1	CORE:5
252	Transmembrane	CORE	5	5	1	CORE:5
253	Transmembrane	GREY	5	5	1	GREY:5
254	Transmembrane	GREY	5	5	1	GREY:5
255	Transmembrane	CORE	5	5	1	CORE:5
256	Transmembrane	GREY	5	5	1	GREY:5
257	Extracellular	EXPOSED	5	5	1	EXPOSED:5
258	Extracellular	GREY	5	3	0	GREY:3,EXPOSED:2
259	Extracellular	EXPOSED	5	5	1	EXPOSED:5
260	Extracellular	EXPOSED	5	5	1	EXPOSED:5
261	Extracellular	CORE	5	5	1	CORE:5
262	Extracellular	GREY	5	5	1	GREY:5
263	Transmembrane	GREY	5	5	1	GREY:5
264	Transmembrane	CORE	5	5	1	CORE:5
265	Transmembrane	CORE	5	5	1	CORE:5
266	Transmembrane	GREY	5	5	1	GREY:5
267	Transmembrane	GREY	5	5	1	GREY:5
268	Transmembrane	GREY	5	5	1	GREY:5
269	Transmembrane	CORE	5	5	1	CORE:5
270	Transmembrane	GREY	5	5	1	GREY:5
271	Transmembrane	GREY	5	5	1	GREY:5
272	Transmembrane	CORE	5	5	1	CORE:5
273	Transmembrane	GREY	5	5	1	GREY:5
274	Transmembrane	GREY	5	5	1	GREY:5
275	Transmembrane	CORE	5	3	0	CORE:3,GREY:2
276	Transmembrane	GREY	5	5	1	GREY:5
277	Transmembrane	GREY	5	5	1	GREY:5
278	Transmembrane	CORE	5	3	0	CORE:3,GREY:2
279	Transmembrane	GREY	5	5	1	GREY:5
280	Transmembrane	GREY	5	5	1	GREY:5
281	Transmembrane	GREY	5	5	1	GREY:5
282	Transmembrane	CORE	5	5	1	CORE:5
283	Transmembrane	GREY	5	5	1	GREY:5
284	Cytoplasmic	GREY	5	5	1	GREY:5
285	Cytoplasmic	CORE	5	5	1	CORE:5
286	Cytoplasmic	CORE	5	5	1	CORE:5
287	Cytoplasmic	GREY	5	5	1	GREY:5
288	Cytoplasmic	CORE	5	5	1	CORE:5
289	Cytoplasmic	CORE	5	5	1	CORE:5
290	Cytoplasmic	CORE	5	3	0	CORE:3,GREY:2
291	Cytoplasmic	EXPOSED	5	4	0	EXPOSED:4,GREY:1
292	Cytoplasmic	EXPOSED	5	5	1	EXPOSED:5
293	Cytoplasmic	EXPOSED	5	5	1	EXPOSED:5
294	Cytoplasmic	EXPOSED	5	5	1	EXPOSED:5
295	Cytoplasmic	GREY	5	5	1	GREY:5
296	Cytoplasmic	EXPOSED	5	5	1	EXPOSED:5
297	Cytoplasmic	EXPOSED	5	5	1	EXPOSED:5
298	Cytoplasmic	CORE	5	5	1	CORE:5
299	Cytoplasmic	EXPOSED	5	4	0	EXPOSED:4,GREY:1
300	Cytoplasmic	EXPOSED	5	5	1	EXPOSED:5
301	Cytoplasmic	GREY	5	5	1	GREY:5
302	Cytoplasmic	CORE	5	5	1	CORE:5
303	Cytoplasmic	GREY	5	5	1	GREY:5
304	Cytoplasmic	EXPOSED	5	5	1	EXPOSED:5
305	Cytoplasmic	CORE	5	5	1	CORE:5
306	Cytoplasmic	CORE	5	5	1	CORE:5
307	Cytoplasmic	EXPOSED	5	5	1	EXPOSED:5
308	Cytoplasmic	EXPOSED	5	4	0	EXPOSED:4,GREY:1
309	Cytoplasmic	GREY	5	5	1	GREY:5
310	Cytoplasmic	EXPOSED	5	5	1	EXPOSED:5
311	Cytoplasmic	EXPOSED	5	5	1	EXPOSED:5
312	Cytoplasmic	EXPOSED	5	5	1	EXPOSED:5
313	Cytoplasmic	EXPOSED	5	5	1	EXPOSED:5
314	Cytoplasmic	GREY	5	4	0	GREY:4,CORE:1
315	Cytoplasmic	EXPOSED	5	5	1	EXPOSED:5
316	Cytoplasmic	EXPOSED	5	3	0	EXPOSED:3,GREY:2
317	Cytoplasmic	CORE	5	5	1	CORE:5
318	Cytoplasmic	EXPOSED	5	5	1	EXPOSED:5
319	Cytoplasmic	EXPOSED	5	5	1	EXPOSED:5
320	Cytoplasmic	GREY	5	4	0	GREY:4,CORE:1
321	Cytoplasmic	EXPOSED	5	3	0	EXPOSED:3,GREY:1,CORE:1
322	Cytoplasmic	EXPOSED	5	5	1	EXPOSED:5
323	Cytoplasmic	EXPOSED	5	5	1	EXPOSED:5
324	Cytoplasmic	EXPOSED	5	5	1	EXPOSED:5
325	Cytoplasmic	EXPOSED	5	5	1	EXPOSED:5
326	Cytoplasmic	EXPOSED	5	5	1	EXPOSED:5
327	Cytoplasmic	EXPOSED	5	5	1	EXPOSED:5
328	Cytoplasmic	EXPOSED	5	5	1	EXPOSED:5
329	Cytoplasmic	EXPOSED	5	5	1	EXPOSED:5
330	Cytoplasmic	EXPOSED	5	5	1	EXPOSED:5
331	Cytoplasmic	EXPOSED	5	5	1	EXPOSED:5
332	Cytoplasmic	EXPOSED	5	5	1	EXPOSED:5
333	Cytoplasmic	EXPOSED	5	5	1	EXPOSED:5
334	Cytoplasmic	EXPOSED	5	5	1	EXPOSED:5
335	Cytoplasmic	EXPOSED	5	5	1	EXPOSED:5
336	Cytoplasmic	GREY	5	5	1	GREY:5
337	Cytoplasmic	CORE	5	5	1	CORE:5
338	Cytoplasmic	EXPOSED	5	3	0	EXPOSED:3,GREY:2
339	Cytoplasmic	EXPOSED	5	5	1	EXPOSED:5
340	Cytoplasmic	GREY	5	5	1	GREY:5
341	Cytoplasmic	EXPOSED	5	5	1	EXPOSED:5
342	Cytoplasmic	EXPOSED	5	5	1	EXPOSED:5
343	Cytoplasmic	CORE	5	5	1	CORE:5
344	Cytoplasmic	EXPOSED	5	5	1	EXPOSED:5
345	Cytoplasmic	EXPOSED	5	5	1	EXPOSED:5
346	Cytoplasmic	CORE	5	5	1	CORE:5
347	Cytoplasmic	CORE	5	5	1	CORE:5
348	Transmembrane	GREY	5	5	1	GREY:5
349	Transmembrane	CORE	5	5	1	CORE:5
350	Transmembrane	CORE	5	5	1	CORE:5
351	Transmembrane	GREY	5	5	1	GREY:5
352	Transmembrane	GREY	5	5	1	GREY:5
353	Transmembrane	CORE	5	5	1	CORE:5
354	Transmembrane	GREY	5	4	0	GREY:4,CORE:1
355	Transmembrane	GREY	5	5	1	GREY:5
356	Transmembrane	CORE	5	5	1	CORE:5
357	Transmembrane	CORE	5	5	1	CORE:5
358	Transmembrane	CORE	5	4	0	CORE:4,GREY:1
359	Transmembrane	CORE	5	5	1	CORE:5
360	Transmembrane	CORE	5	5	1	CORE:5
361	Transmembrane	GREY	5	3	0	GREY:3,CORE:2
362	Transmembrane	GREY	5	4	0	GREY:4,CORE:1
363	Transmembrane	CORE	5	5	1	CORE:5
364	Transmembrane	CORE	5	5	1	CORE:5
365	Transmembrane	CORE	5	5	1	CORE:5
366	Transmembrane	CORE	5	5	1	CORE:5
367	Transmembrane	CORE	5	5	1	CORE:5
368	Transmembrane	CORE	5	5	1	CORE:5
369	Extracellular	GREY	5	4	0	GREY:4,EXPOSED:1
370	Extracellular	EXPOSED	5	3	0	EXPOSED:3,GREY:2
371	Extracellular	EXPOSED	5	5	1	EXPOSED:5
372	Extracellular	GREY	5	5	1	GREY:5
373	Extracellular	EXPOSED	5	5	1	EXPOSED:5
374	Extracellular	EXPOSED	5	5	1	EXPOSED:5
375	Extracellular	GREY	5	4	0	GREY:4,CORE:1
376	Extracellular	GREY	5	5	1	GREY:5
377	Transmembrane	GREY	5	5	1	GREY:5
378	Transmembrane	CORE	5	5	1	CORE:5
379	Transmembrane	CORE	5	5	1	CORE:5
380	Transmembrane	GREY	5	5	1	GREY:5
381	Transmembrane	GREY	5	5	1	GREY:5
382	Transmembrane	CORE	5	5	1	CORE:5
383	Transmembrane	CORE	5	5	1	CORE:5
384	Transmembrane	GREY	5	5	1	GREY:5
385	Transmembrane	GREY	5	5	1	GREY:5
386	Transmembrane	CORE	5	5	1	CORE:5
387	Transmembrane	GREY	5	5	1	GREY:5
388	Transmembrane	GREY	5	5	1	GREY:5
389	Transmembrane	CORE	5	5	1	CORE:5
390	Transmembrane	CORE	5	5	1	CORE:5
391	Transmembrane	GREY	5	5	1	GREY:5
392	Transmembrane	GREY	5	5	1	GREY:5
393	Transmembrane	CORE	5	5	1	CORE:5
394	Transmembrane	GREY	5	5	1	GREY:5
395	Transmembrane	GREY	5	5	1	GREY:5
396	Transmembrane	GREY	5	5	1	GREY:5
397	Transmembrane	CORE	5	5	1	CORE:5
398	Cytoplasmic	EXPOSED	5	5	1	EXPOSED:5
399	Cytoplasmic	EXPOSED	5	5	1	EXPOSED:5
400	Cytoplasmic	EXPOSED	5	5	1	EXPOSED:5
401	Cytoplasmic	CORE	5	5	1	CORE:5
402	Cytoplasmic	CORE	5	4	0	CORE:4,GREY:1
403	Transmembrane	CORE	5	5	1	CORE:5
404	Transmembrane	GREY	5	5	1	GREY:5
405	Transmembrane	CORE	5	5	1	CORE:5
406	Transmembrane	CORE	5	5	1	CORE:5
407	Transmembrane	CORE	5	5	1	CORE:5
408	Transmembrane	GREY	5	5	1	GREY:5
409	Transmembrane	CORE	5	5	1	CORE:5
410	Transmembrane	CORE	5	5	1	CORE:5
411	Transmembrane	GREY	5	5	1	GREY:5
412	Transmembrane	GREY	5	5	1	GREY:5
413	Transmembrane	CORE	5	5	1	CORE:5
414	Transmembrane	CORE	5	5	1	CORE:5
415	Transmembrane	GREY	5	5	1	GREY:5
416	Transmembrane	CORE	5	5	1	CORE:5
417	Transmembrane	CORE	5	5	1	CORE:5
418	Transmembrane	GREY	5	5	1	GREY:5
419	Transmembrane	GREY	5	5	1	GREY:5
420	Transmembrane	CORE	5	5	1	CORE:5
421	Transmembrane	GREY	5	5	1	GREY:5
422	Transmembrane	GREY	5	5	1	GREY:5
423	Transmembrane	GREY	5	5	1	GREY:5
424	Extracellular	EXPOSED	5	5	1	EXPOSED:5
425	Extracellular	EXPOSED	5	5	1	EXPOSED:5
426	Extracellular	EXPOSED	5	5	1	EXPOSED:5
427	Extracellular	EXPOSED	5	5	1	EXPOSED:5
428	Extracellular	EXPOSED	5	4	0	EXPOSED:4,GREY:1
429	Extracellular	EXPOSED	5	5	1	EXPOSED:5
430	Extracellular	EXPOSED	5	3	0	EXPOSED:3,GREY:2
431	Extracellular	GREY	5	5	1	GREY:5
432	Transmembrane	CORE	5	3	0	CORE:3,GREY:2
433	Transmembrane	GREY	5	5	1	GREY:5
434	Transmembrane	GREY	5	5	1	GREY:5
435	Transmembrane	CORE	5	5	1	CORE:5
436	Transmembrane	CORE	5	4	0	CORE:4,GREY:1
437	Transmembrane	GREY	5	5	1	GREY:5
438	Transmembrane	CORE	5	5	1	CORE:5
439	Transmembrane	CORE	5	5	1	CORE:5
440	Transmembrane	GREY	5	5	1	GREY:5
441	Transmembrane	CORE	5	5	1	CORE:5
442	Transmembrane	CORE	5	5	1	CORE:5
443	Transmembrane	CORE	5	5	1	CORE:5
444	Transmembrane	CORE	5	5	1	CORE:5
445	Transmembrane	CORE	5	5	1	CORE:5
446	Transmembrane	GREY	5	5	1	GREY:5
447	Transmembrane	CORE	5	4	0	CORE:4,GREY:1
448	Transmembrane	CORE	5	5	1	CORE:5
449	Transmembrane	CORE	5	5	1	CORE:5
450	Transmembrane	GREY	5	5	1	GREY:5
451	Transmembrane	GREY	5	5	1	GREY:5
452	Transmembrane	CORE	5	5	1	CORE:5
453	Cytoplasmic	CORE	5	5	1	CORE:5
454	Cytoplasmic	GREY	5	5	1	GREY:5
455	Cytoplasmic	GREY	5	5	1	GREY:5
456	Cytoplasmic	CORE	5	5	1	CORE:5
457	Cytoplasmic	CORE	5	5	1	CORE:5
458	Cytoplasmic	CORE	5	5	1	CORE:5
459	Cytoplasmic	EXPOSED	5	5	1	EXPOSED:5
460	Cytoplasmic	GREY	5	3	0	GREY:3,EXPOSED:2
461	Cytoplasmic	CORE	5	5	1	CORE:5
462	Cytoplasmic	GREY	5	5	1	GREY:5
463	Cytoplasmic	EXPOSED	5	5	1	EXPOSED:5
464	Cytoplasmic	GREY	5	5	1	GREY:5
465	Transmembrane	CORE	5	5	1	CORE:5
466	Transmembrane	GREY	5	5	1	GREY:5
467	Transmembrane	GREY	5	5	1	GREY:5
468	Transmembrane	GREY	5	5	1	GREY:5
469	Transmembrane	CORE	5	5	1	CORE:5
470	Transmembrane	GREY	5	4	0	GREY:4,CORE:1
471	Transmembrane	GREY	5	5	1	GREY:5
472	Transmembrane	GREY	5	5	1	GREY:5
473	Transmembrane	GREY	5	5	1	GREY:5
474	Transmembrane	CORE	5	5	1	CORE:5
475	Transmembrane	GREY	5	5	1	GREY:5
476	Transmembrane	CORE	5	5	1	CORE:5
477	Transmembrane	CORE	5	5	1	CORE:5
478	Transmembrane	GREY	5	5	1	GREY:5
479	Transmembrane	GREY	5	5	1	GREY:5
480	Transmembrane	CORE	5	5	1	CORE:5
481	Transmembrane	CORE	5	5	1	CORE:5
482	Transmembrane	GREY	5	5	1	GREY:5
483	Transmembrane	GREY	5	4	0	GREY:4,CORE:1
484	Transmembrane	CORE	5	5	1	CORE:5
485	Transmembrane	GREY	5	5	1	GREY:5
486	Extracellular	GREY	5	4	0	GREY:4,EXPOSED:1
487	Extracellular	GREY	5	5	1	GREY:5
488	Extracellular	GREY	5	5	1	GREY:5
489	Extracellular	EXPOSED	5	5	1	EXPOSED:5
490	Extracellular	EXPOSED	5	5	1	EXPOSED:5
491	Extracellular	EXPOSED	5	5	1	EXPOSED:5
492	Extracellular	EXPOSED	5	5	1	EXPOSED:5
493	Transmembrane	GREY	5	5	1	GREY:5
494	Transmembrane	GREY	5	5	1	GREY:5
495	Transmembrane	CORE	5	5	1	CORE:5
496	Transmembrane	CORE	5	5	1	CORE:5
497	Transmembrane	GREY	5	5	1	GREY:5
498	Transmembrane	GREY	5	5	1	GREY:5
499	Transmembrane	CORE	5	5	1	CORE:5
500	Transmembrane	CORE	5	5	1	CORE:5
501	Transmembrane	GREY	5	5	1	GREY:5
502	Transmembrane	GREY	5	5	1	GREY:5
503	Transmembrane	CORE	5	5	1	CORE:5
504	Transmembrane	GREY	5	5	1	GREY:5
505	Transmembrane	GREY	5	5	1	GREY:5
506	Transmembrane	CORE	5	5	1	CORE:5
507	Transmembrane	CORE	5	5	1	CORE:5
508	Transmembrane	GREY	5	5	1	GREY:5
509	Transmembrane	GREY	5	5	1	GREY:5
510	Transmembrane	CORE	5	5	1	CORE:5
511	Transmembrane	GREY	5	5	1	GREY:5
512	Transmembrane	GREY	5	5	1	GREY:5
513	Transmembrane	CORE	5	5	1	CORE:5
514	Cytoplasmic	GREY	5	5	1	GREY:5
515	Cytoplasmic	GREY	5	5	1	GREY:5
516	Cytoplasmic	CORE	5	5	1	CORE:5
517	Cytoplasmic	EXPOSED	5	5	1	EXPOSED:5
518	Cytoplasmic	EXPOSED	5	5	1	EXPOSED:5
519	Cytoplasmic	EXPOSED	5	5	1	EXPOSED:5
520	Cytoplasmic	EXPOSED	5	5	1	EXPOSED:5
521	Cytoplasmic	EXPOSED	5	5	1	EXPOSED:5
522	Cytoplasmic	CORE	5	5	1	CORE:5
523	Cytoplasmic	EXPOSED	5	5	1	EXPOSED:5
524	Cytoplasmic	EXPOSED	5	5	1	EXPOSED:5
525	Cytoplasmic	GREY	5	4	0	GREY:4,EXPOSED:1
526	Cytoplasmic	EXPOSED	5	5	1	EXPOSED:5
527	Cytoplasmic	EXPOSED	5	5	1	EXPOSED:5
528	Cytoplasmic	CORE	5	5	1	CORE:5
529	Cytoplasmic	GREY	5	4	0	GREY:4,EXPOSED:1
530	Cytoplasmic	EXPOSED	5	5	1	EXPOSED:5
531	Cytoplasmic	CORE	5	5	1	CORE:5
532	Cytoplasmic	EXPOSED	5	5	1	EXPOSED:5
533	Cytoplasmic	EXPOSED	5	5	1	EXPOSED:5
534	Cytoplasmic	EXPOSED	5	5	1	EXPOSED:5
535	Cytoplasmic	EXPOSED	5	5	1	EXPOSED:5
536	Cytoplasmic	EXPOSED	5	5	1	EXPOSED:5
537	Cytoplasmic	EXPOSED	5	5	1	EXPOSED:5
538	Cytoplasmic	EXPOSED	5	5	1	EXPOSED:5
539	Cytoplasmic	EXPOSED	5	5	1	EXPOSED:5
540	Cytoplasmic	EXPOSED	5	5	1	EXPOSED:5
541	Cytoplasmic	EXPOSED	5	5	1	EXPOSED:5
542	Cytoplasmic	EXPOSED	5	5	1	EXPOSED:5
543	Cytoplasmic	EXPOSED	5	5	1	EXPOSED:5
544	Cytoplasmic	EXPOSED	5	5	1	EXPOSED:5
545	Cytoplasmic	EXPOSED	5	5	1	EXPOSED:5
546	Cytoplasmic	EXPOSED	5	5	1	EXPOSED:5
547	Cytoplasmic	EXPOSED	5	5	1	EXPOSED:5
548	Cytoplasmic	EXPOSED	5	5	1	EXPOSED:5
549	Cytoplasmic	EXPOSED	5	5	1	EXPOSED:5
550	Cytoplasmic	EXPOSED	5	5	1	EXPOSED:5
551	Cytoplasmic	EXPOSED	5	5	1	EXPOSED:5
552	Cytoplasmic	EXPOSED	5	5	1	EXPOSED:5
553	Cytoplasmic	EXPOSED	5	5	1	EXPOSED:5
554	Cytoplasmic	EXPOSED	5	5	1	EXPOSED:5
