pos	aa	topology	af2_sasa	exp_sasa	af2_class	exp_class	agree
21	A	Cytoplasmic	5.528	45.412	CORE	EXPOSED	0
22	F	Transmembrane	16.605	28.035	GREY	GREY	1
23	L	Transmembrane	59.412	53.599	GREY	GREY	1
24	I	Transmembrane	18.39	8.582	GREY	CORE	0
25	L	Transmembrane	0.0	13.819	CORE	GREY	0
26	C	Transmembrane	10.232	13.09	GREY	GREY	1
27	L	Transmembrane	47.261	40.187	GREY	GREY	1
28	L	Transmembrane	1.667	18.887	CORE	GREY	0
29	S	Transmembrane	0.0	0.0	CORE	CORE	1
30	A	Transmembrane	17.576	16.534	GREY	GREY	1
31	A	Transmembrane	17.593	24.554	GREY	GREY	1
32	F	Transmembrane	10.064	9.56	GREY	CORE	0
33	A	Transmembrane	0.0	0.0	CORE	CORE	1
34	P	Transmembrane	12.484	15.093	GREY	GREY	1
35	I	Transmembrane	5.517	9.808	CORE	CORE	1
36	C	Transmembrane	12.712	22.463	GREY	GREY	1
37	V	Transmembrane	2.776	6.94	CORE	CORE	1
38	G	Transmembrane	2.191	3.484	CORE	CORE	1
39	I	Transmembrane	7.287	10.098	CORE	GREY	0
40	V	Transmembrane	8.709	7.243	CORE	CORE	1
41	F	Transmembrane	4.578	9.439	CORE	CORE	1
42	L	Transmembrane	2.403	10.815	CORE	GREY	0
43	G	Extracellular	13.393	10.302	GREY	GREY	1
44	F	Extracellular	20.127	29.184	GREY	GREY	1
45	T	Extracellular	50.132	51.123	EXPOSED	EXPOSED	1
46	P	Extracellular	6.579	7.424	CORE	CORE	1
47	D	Extracellular	52.581	61.485	EXPOSED	EXPOSED	1
48	H	Extracellular	7.732	11.11	CORE	GREY	0
49	H	Extracellular	20.211	20.109	GREY	GREY	1
50	C	Extracellular	5.296	6.429	CORE	CORE	1
51	Q	Extracellular	40.438	40.682	EXPOSED	EXPOSED	1
52	S	Extracellular	12.058	20.279	GREY	GREY	1
53	P	Extracellular	43.035	55.116	EXPOSED	EXPOSED	1
54	G	Extracellular	19.193	22.085	GREY	GREY	1
55	V	Extracellular	0.694	9.023	CORE	CORE	1
56	A	Extracellular	47.532	48.788	EXPOSED	EXPOSED	1
57	E	Extracellular	58.741	51.939	EXPOSED	EXPOSED	1
58	L	Extracellular	7.811	4.75	CORE	CORE	1
59	S	Extracellular	9.25	9.766	CORE	CORE	1
60	Q	Extracellular	71.113	68.396	EXPOSED	EXPOSED	1
61	R	Extracellular	65.597	52.993	EXPOSED	EXPOSED	1
62	C	Extracellular	18.128	20.076	GREY	GREY	1
63	G	Extracellular	56.715	50.778	EXPOSED	EXPOSED	1
64	W	Extracellular	10.037	9.542	GREY	CORE	0
65	S	Extracellular	30.329	35.728	EXPOSED	EXPOSED	1
66	P	Extracellular	64.316	69.864	EXPOSED	EXPOSED	1
67	A	Extracellular	53.081	64.74	EXPOSED	EXPOSED	1
68	E	Extracellular	37.798	26.391	EXPOSED	GREY	0
69	E	Extracellular	23.429	24.268	GREY	GREY	1
70	L	Extracellular	35.245	37.648	EXPOSED	EXPOSED	1
71	N	Extracellular	53.184	52.294	EXPOSED	EXPOSED	1
72	Y	Extracellular	17.887	13.555	GREY	GREY	1
73	T	Extracellular	6.625	11.303	CORE	GREY	0
74	V	Extracellular	10.332	20.352	GREY	GREY	1
75	P	Extracellular	18.731	11.553	GREY	GREY	1
76	G	Extracellular	53.136	50.109	EXPOSED	EXPOSED	1
77	L	Extracellular	65.165	54.674	EXPOSED	EXPOSED	1
78	G	Extracellular	22.35	51.713	GREY	EXPOSED	0
79	P	Extracellular	63.656	70.477	EXPOSED	EXPOSED	1
80	A	Extracellular	78.078	76.189	EXPOSED	EXPOSED	1
81	G	Extracellular	71.001	36.39	EXPOSED	EXPOSED	1
82	E	Extracellular	44.883	48.828	EXPOSED	EXPOSED	1
83	A	Extracellular	17.787	32.112	GREY	EXPOSED	0
84	F	Extracellular	41.716	42.58	EXPOSED	EXPOSED	1
85	L	Extracellular	59.152	31.242	EXPOSED	EXPOSED	1
86	G	Extracellular	5.806	13.453	CORE	GREY	0
87	Q	Extracellular	17.317	30.122	GREY	EXPOSED	0
88	C	Extracellular	14.934	8.765	GREY	CORE	0
89	R	Extracellular	47.405	28.804	EXPOSED	GREY	0
90	R	Extracellular	9.18	17.786	CORE	GREY	0
91	Y	Extracellular	12.377	7.913	GREY	CORE	0
92	E	Extracellular	45.006	53.601	EXPOSED	EXPOSED	1
93	V	Extracellular	9.169	14.867	CORE	GREY	0
94	D	Extracellular	46.803	52.341	EXPOSED	EXPOSED	1
95	W	Extracellular	2.679	5.957	CORE	CORE	1
96	N	Extracellular	57.826	65.938	EXPOSED	EXPOSED	1
97	Q	Extracellular	41.039	39.315	EXPOSED	EXPOSED	1
98	S	Extracellular	71.009	54.877	EXPOSED	EXPOSED	1
99	A	Extracellular	61.969	66.425	EXPOSED	EXPOSED	1
100	L	Extracellular	7.463	10.67	CORE	GREY	0
101	S	Extracellular	34.7	29.201	EXPOSED	GREY	0
102	C	Extracellular	32.167	40.85	EXPOSED	EXPOSED	1
103	V	Extracellular	68.162	62.307	EXPOSED	EXPOSED	1
104	D	Extracellular	21.599	26.455	GREY	GREY	1
105	P	Extracellular	0.0	1.348	CORE	CORE	1
106	L	Extracellular	9.613	1.667	CORE	CORE	1
107	A	Extracellular	39.501	52.91	EXPOSED	EXPOSED	1
108	S	Extracellular	47.231	62.336	EXPOSED	EXPOSED	1
109	L	Extracellular	31.41	36.749	EXPOSED	EXPOSED	1
110	A	Extracellular	12.367	24.115	GREY	GREY	1
111	T	Extracellular	89.624	88.661	EXPOSED	EXPOSED	1
112	N	Extracellular	54.96	43.174	EXPOSED	EXPOSED	1
113	R	Extracellular	65.918	25.271	EXPOSED	GREY	0
114	S	Extracellular	53.361	64.07	EXPOSED	EXPOSED	1
115	H	Extracellular	66.559	62.244	EXPOSED	EXPOSED	1
116	L	Extracellular	10.205	12.075	GREY	GREY	1
117	P	Extracellular	43.292	37.976	EXPOSED	EXPOSED	1
118	L	Extracellular	40.477	35.874	EXPOSED	EXPOSED	1
119	G	Extracellular	4.645	2.322	CORE	CORE	1
120	P	Extracellular	52.937	39.409	EXPOSED	EXPOSED	1
121	C	Extracellular	16.148	9.758	GREY	CORE	0
122	Q	Extracellular	66.155	65.201	EXPOSED	EXPOSED	1
123	D	Extracellular	38.183	45.603	EXPOSED	EXPOSED	1
124	G	Extracellular	17.089	13.934	GREY	GREY	1
125	W	Extracellular	16.048	19.863	GREY	GREY	1
126	V	Extracellular	29.15	37.322	GREY	EXPOSED	0
127	Y	Extracellular	15.789	17.115	GREY	GREY	1
128	D	Extracellular	60.874	63.377	EXPOSED	EXPOSED	1
129	T	Extracellular	24.74	26.2	GREY	GREY	1
130	P	Extracellular	88.084	80.732	EXPOSED	EXPOSED	1
131	G	Extracellular	14.859	22.092	GREY	GREY	1
132	S	Extracellular	18.951	15.659	GREY	GREY	1
133	S	Extracellular	0.0	0.0	CORE	CORE	1
134	I	Extracellular	0.613	1.226	CORE	CORE	1
135	V	Extracellular	0.0	0.0	CORE	CORE	1
136	T	Extracellular	16.207	17.838	GREY	GREY	1
137	E	Extracellular	30.774	35.213	EXPOSED	EXPOSED	1
138	F	Extracellular	18.1	20.445	GREY	GREY	1
139	N	Extracellular	31.082	29.855	EXPOSED	GREY	0
140	L	Extracellular	2.335	6.735	CORE	CORE	1
141	V	Extracellular	4.623	4.008	CORE	CORE	1
142	C	Extracellular	19.554	27.222	GREY	GREY	1
143	A	Extracellular	62.02	65.888	EXPOSED	EXPOSED	1
144	D	Extracellular	29.423	33.178	GREY	EXPOSED	0
145	S	Extracellular	14.452	18.424	GREY	GREY	1
146	W	Extracellular	42.013	41.853	EXPOSED	EXPOSED	1
147	K	Extracellular	20.776	24.773	GREY	GREY	1
148	L	Extracellular	10.011	10.214	GREY	GREY	1
149	D	Extracellular	1.665	0.555	CORE	CORE	1
150	L	Transmembrane	26.436	30.041	GREY	GREY	1
151	F	Transmembrane	0.0	2.013	CORE	CORE	1
152	Q	Transmembrane	1.559	3.939	CORE	CORE	1
153	S	Transmembrane	4.587	5.969	CORE	CORE	1
154	C	Transmembrane	16.857	18.398	GREY	GREY	1
155	L	Transmembrane	0.0	1.202	CORE	CORE	1
156	N	Transmembrane	3.297	3.846	CORE	CORE	1
157	A	Transmembrane	14.978	17.787	GREY	GREY	1
158	G	Transmembrane	0.0	0.0	CORE	CORE	1
159	F	Transmembrane	3.019	6.038	CORE	CORE	1
160	L	Transmembrane	17.423	21.629	GREY	GREY	1
161	F	Transmembrane	56.625	55.789	GREY	GREY	1
162	G	Transmembrane	3.484	7.735	CORE	CORE	1
163	S	Transmembrane	4.411	26.115	CORE	GREY	0
164	L	Transmembrane	52.388	48.58	GREY	GREY	1
165	G	Transmembrane	36.11	35.08	GREY	GREY	1
166	V	Transmembrane	12.427	19.433	GREY	GREY	1
167	G	Transmembrane	25.196	47.131	GREY	GREY	1
168	Y	Transmembrane	50.764	54.434	GREY	GREY	1
169	F	Transmembrane	36.732	39.2	GREY	GREY	1
170	A	Transmembrane	2.808	25.368	CORE	GREY	0
171	D	Cytoplasmic	39.717	61.914	EXPOSED	EXPOSED	1
172	R	Cytoplasmic	51.566	63.096	EXPOSED	EXPOSED	1
173	F	Cytoplasmic	41.7	39.42	EXPOSED	EXPOSED	1
174	G	Cytoplasmic	0.0	33.126	CORE	EXPOSED	0
175	R	Cytoplasmic	12.414	39.291	GREY	EXPOSED	0
176	K	Cytoplasmic	18.324	58.035	GREY	EXPOSED	0
177	L	Transmembrane	48.259	54.608	GREY	GREY	1
178	C	Transmembrane	0.642	3.676	CORE	CORE	1
179	L	Transmembrane	8.411	18.024	CORE	GREY	0
180	L	Transmembrane	14.885	44.993	GREY	GREY	1
181	G	Transmembrane	31.221	31.111	GREY	GREY	1
182	T	Transmembrane	6.319	10.294	CORE	GREY	0
183	V	Transmembrane	3.392	5.474	CORE	CORE	1
184	L	Transmembrane	39.053	42.057	GREY	GREY	1
185	V	Transmembrane	30.459	36.012	GREY	GREY	1
186	N	Transmembrane	6.146	13.507	CORE	GREY	0
187	A	Transmembrane	0.936	2.703	CORE	CORE	1
188	V	Transmembrane	31.926	36.706	GREY	GREY	1
189	S	Transmembrane	0.0	3.043	CORE	CORE	1
190	G	Transmembrane	0.0	0.0	CORE	CORE	1
191	V	Transmembrane	18.045	17.351	GREY	GREY	1
192	L	Transmembrane	36.446	41.853	GREY	GREY	1
193	M	Transmembrane	0.539	1.653	CORE	CORE	1
194	A	Transmembrane	1.661	3.428	CORE	CORE	1
195	F	Transmembrane	57.291	52.762	GREY	GREY	1
196	S	Transmembrane	0.779	0.691	CORE	CORE	1
197	P	Transmembrane	59.22	68.74	GREY	GREY	1
198	N	Extracellular	48.778	35.859	EXPOSED	EXPOSED	1
199	Y	Extracellular	9.469	11.808	CORE	GREY	0
200	M	Extracellular	59.857	53.671	EXPOSED	EXPOSED	1
201	S	Extracellular	16.288	15.435	GREY	GREY	1
202	M	Extracellular	0.0	2.156	CORE	CORE	1
203	L	Extracellular	8.276	4.739	CORE	CORE	1
204	L	Extracellular	57.872	55.401	EXPOSED	EXPOSED	1
205	F	Extracellular	23.146	19.624	GREY	GREY	1
206	R	Extracellular	0.798	4.789	CORE	CORE	1
207	L	Transmembrane	28.238	31.843	GREY	GREY	1
208	L	Transmembrane	31.843	37.794	GREY	GREY	1
209	Q	Transmembrane	1.944	5.327	CORE	CORE	1
210	G	Transmembrane	0.0	1.03	CORE	CORE	1
211	L	Transmembrane	27.57	28.703	GREY	GREY	1
212	V	Transmembrane	8.328	9.638	CORE	CORE	1
213	S	Transmembrane	2.941	1.383	CORE	CORE	1
214	K	Transmembrane	11.673	15.013	GREY	GREY	1
215	G	Transmembrane	2.06	23.27	CORE	GREY	0
216	N	Transmembrane	6.158	5.236	CORE	CORE	1
217	W	Transmembrane	19.452	16.949	GREY	GREY	1
218	M	Transmembrane	29.13	35.29	GREY	GREY	1
219	A	Transmembrane	4.592	21.355	CORE	GREY	0
220	G	Transmembrane	0.0	1.161	CORE	CORE	1
221	Y	Transmembrane	28.145	22.997	GREY	GREY	1
222	T	Transmembrane	22.911	34.451	GREY	GREY	1
223	L	Transmembrane	1.202	23.761	CORE	GREY	0
224	I	Transmembrane	0.0	6.743	CORE	CORE	1
225	T	Transmembrane	15.821	14.486	GREY	GREY	1
226	E	Transmembrane	10.273	57.811	GREY	GREY	1
227	F	Transmembrane	0.503	72.785	CORE	GREY	0
228	V	Transmembrane	2.776	21.046	CORE	GREY	0
229	G	Transmembrane	1.161	43.028	CORE	GREY	0
230	S	Cytoplasmic	42.204	74.905	EXPOSED	EXPOSED	1
231	G	Cytoplasmic	42.03	79.264	EXPOSED	EXPOSED	1
232	S	Cytoplasmic	19.191	29.422	GREY	GREY	1
233	R	Cytoplasmic	21.962	42.316	GREY	EXPOSED	0
234	R	Cytoplasmic	33.81	38.308	EXPOSED	EXPOSED	1
235	T	Cytoplasmic	33.749	50.827	EXPOSED	EXPOSED	1
236	V	Transmembrane	11.799	15.112	GREY	GREY	1
237	A	Transmembrane	2.808	13.106	CORE	GREY	0
238	I	Transmembrane	2.452	16.551	CORE	GREY	0
239	M	Transmembrane	28.382	37.296	GREY	GREY	1
240	Y	Transmembrane	0.459	2.192	CORE	CORE	1
241	Q	Transmembrane	14.262	26.062	GREY	GREY	1
242	M	Transmembrane	7.089	20.638	CORE	GREY	0
243	A	Transmembrane	11.145	12.081	GREY	GREY	1
244	F	Transmembrane	9.56	13.083	CORE	GREY	0
245	T	Transmembrane	4.44	7.327	CORE	CORE	1
246	V	Transmembrane	49.12	55.367	GREY	GREY	1
247	G	Transmembrane	4.514	3.353	CORE	CORE	1
248	L	Transmembrane	0.0	1.802	CORE	CORE	1
249	V	Transmembrane	22.59	31.456	GREY	GREY	1
250	A	Transmembrane	39.019	42.869	GREY	GREY	1
251	L	Transmembrane	3.004	1.746	CORE	CORE	1
252	T	Transmembrane	1.948	5.459	CORE	CORE	1
253	G	Transmembrane	38.433	38.433	GREY	GREY	1
254	L	Transmembrane	33.645	34.189	GREY	GREY	1
255	A	Transmembrane	1.767	6.75	CORE	CORE	1
256	Y	Transmembrane	65.207	61.837	GREY	GREY	1
257	A	Extracellular	51.763	53.846	EXPOSED	EXPOSED	1
258	L	Extracellular	28.703	23.161	GREY	GREY	1
259	P	Extracellular	39.74	45.645	EXPOSED	EXPOSED	1
260	H	Extracellular	37.879	27.22	EXPOSED	GREY	0
261	W	Extracellular	0.807	3.31	CORE	CORE	1
262	R	Extracellular	29.229	29.836	GREY	GREY	1
263	W	Transmembrane	59.57	48.001	GREY	GREY	1
264	L	Transmembrane	4.739	4.739	CORE	CORE	1
265	Q	Transmembrane	4.842	10.059	CORE	GREY	0
266	L	Transmembrane	13.218	28.839	GREY	GREY	1
267	A	Transmembrane	23.39	23.407	GREY	GREY	1
268	V	Transmembrane	16.109	20.811	GREY	GREY	1
269	S	Transmembrane	2.249	5.882	CORE	CORE	1
270	L	Transmembrane	45.788	46.728	GREY	GREY	1
271	P	Transmembrane	36.285	31.728	GREY	GREY	1
272	T	Transmembrane	5.538	20.282	CORE	GREY	0
273	F	Transmembrane	33.259	28.787	GREY	GREY	1
274	L	Transmembrane	56.137	51.128	GREY	GREY	1
275	F	Transmembrane	10.007	11.07	GREY	GREY	1
276	L	Transmembrane	27.696	22.348	GREY	GREY	1
277	L	Transmembrane	37.851	67.487	GREY	GREY	1
333	S	Cytoplasmic	35.113	44.48	EXPOSED	EXPOSED	1
334	F	Cytoplasmic	53.84	53.603	EXPOSED	EXPOSED	1
335	A	Cytoplasmic	48.911	50.783	EXPOSED	EXPOSED	1
336	D	Cytoplasmic	16.17	33.187	GREY	EXPOSED	0
337	L	Cytoplasmic	1.802	0.601	CORE	CORE	1
338	F	Cytoplasmic	29.063	21.24	GREY	GREY	1
339	R	Cytoplasmic	66.769	67.525	EXPOSED	EXPOSED	1
340	T	Cytoplasmic	11.223	41.7	GREY	EXPOSED	0
341	P	Cytoplasmic	48.954	55.605	EXPOSED	EXPOSED	1
342	R	Cytoplasmic	36.097	63.329	EXPOSED	EXPOSED	1
343	L	Cytoplasmic	2.947	16.709	CORE	GREY	0
344	R	Cytoplasmic	42.532	37.152	EXPOSED	EXPOSED	1
345	K	Cytoplasmic	48.533	44.015	EXPOSED	EXPOSED	1
346	R	Cytoplasmic	7.916	27.307	CORE	GREY	0
347	T	Cytoplasmic	0.0	0.0	CORE	CORE	1
348	F	Transmembrane	45.952	44.442	GREY	GREY	1
349	I	Transmembrane	8.582	7.969	CORE	CORE	1
350	L	Transmembrane	0.601	0.0	CORE	CORE	1
351	M	Transmembrane	11.075	15.519	GREY	GREY	1
352	Y	Transmembrane	22.864	24.034	GREY	GREY	1
353	L	Transmembrane	0.533	0.601	CORE	CORE	1
354	W	Transmembrane	9.274	15.678	CORE	GREY	0
355	F	Transmembrane	22.14	23.146	GREY	GREY	1
356	T	Transmembrane	0.702	0.0	CORE	CORE	1
357	D	Transmembrane	1.251	2.917	CORE	CORE	1
358	S	Transmembrane	2.249	8.247	CORE	CORE	1
359	V	Transmembrane	0.694	5.552	CORE	CORE	1
360	L	Transmembrane	0.601	3.004	CORE	CORE	1
361	Y	Transmembrane	9.998	18.412	CORE	GREY	0
362	Q	Transmembrane	9.611	16.78	CORE	GREY	0
363	G	Transmembrane	0.0	0.0	CORE	CORE	1
364	L	Transmembrane	0.601	2.335	CORE	CORE	1
365	I	Transmembrane	2.452	10.421	CORE	GREY	0
366	L	Transmembrane	6.541	10.544	CORE	GREY	0
367	H	Transmembrane	7.68	14.769	CORE	GREY	0
368	M	Transmembrane	1.078	5.427	CORE	CORE	1
369	G	Extracellular	32.479	24.35	EXPOSED	GREY	0
370	A	Extracellular	35.004	35.743	EXPOSED	EXPOSED	1
371	T	Extracellular	44.814	37.318	EXPOSED	EXPOSED	1
372	S	Extracellular	14.868	21.529	GREY	GREY	1
373	G	Extracellular	70.806	82.266	EXPOSED	EXPOSED	1
374	N	Extracellular	35.183	34.471	EXPOSED	EXPOSED	1
375	L	Extracellular	9.556	16.539	CORE	GREY	0
376	Y	Extracellular	25.389	38.24	GREY	EXPOSED	0
377	L	Transmembrane	39.653	37.851	GREY	GREY	1
378	D	Transmembrane	3.331	6.107	CORE	CORE	1
379	F	Transmembrane	0.503	4.472	CORE	CORE	1
380	L	Transmembrane	23.432	25.835	GREY	GREY	1
381	Y	Transmembrane	33.7	44.513	GREY	GREY	1
382	S	Transmembrane	0.0	3.544	CORE	CORE	1
383	A	Transmembrane	0.0	0.936	CORE	CORE	1
384	L	Transmembrane	38.113	40.584	GREY	GREY	1
385	V	Transmembrane	19.433	20.743	GREY	GREY	1
386	E	Transmembrane	1.441	6.849	CORE	CORE	1
387	I	Transmembrane	29.424	33.102	GREY	GREY	1
388	P	Transmembrane	36.371	39.495	GREY	GREY	1
389	G	Transmembrane	0.0	0.0	CORE	CORE	1
390	A	Transmembrane	1.872	12.064	CORE	GREY	0
391	F	Transmembrane	40.757	42.77	GREY	GREY	1
392	I	Transmembrane	33.716	36.781	GREY	GREY	1
393	A	Transmembrane	0.0	2.808	CORE	CORE	1
394	L	Transmembrane	25.031	25.234	GREY	GREY	1
395	I	Transmembrane	45.837	50.88	GREY	GREY	1
396	T	Transmembrane	19.58	16.83	GREY	GREY	1
397	I	Transmembrane	4.153	14.15	CORE	GREY	0
398	D	Cytoplasmic	46.864	49.075	EXPOSED	EXPOSED	1
399	R	Cytoplasmic	67.293	69.806	EXPOSED	EXPOSED	1
400	V	Cytoplasmic	49.413	57.183	EXPOSED	EXPOSED	1
401	G	Cytoplasmic	0.0	11.612	CORE	GREY	0
402	R	Cytoplasmic	5.987	21.146	CORE	GREY	0
403	I	Transmembrane	3.678	6.743	CORE	CORE	1
404	Y	Transmembrane	48.994	57.207	GREY	GREY	1
405	P	Transmembrane	8.943	13.414	CORE	GREY	0
406	M	Transmembrane	0.0	0.539	CORE	CORE	1
407	A	Transmembrane	0.0	11.128	CORE	GREY	0
408	M	Transmembrane	48.093	53.5	GREY	GREY	1
409	S	Transmembrane	5.38	5.292	CORE	CORE	1
410	N	Transmembrane	0.0	3.916	CORE	CORE	1
411	L	Transmembrane	34.847	34.246	GREY	GREY	1
412	L	Transmembrane	36.582	38.985	GREY	GREY	1
413	A	Transmembrane	0.0	0.936	CORE	CORE	1
414	G	Transmembrane	0.0	0.0	CORE	CORE	1
415	A	Transmembrane	32.765	34.532	GREY	GREY	1
416	A	Transmembrane	5.528	3.656	CORE	CORE	1
417	C	Transmembrane	0.0	0.771	CORE	CORE	1
418	L	Transmembrane	33.045	38.452	GREY	GREY	1
419	V	Transmembrane	38.172	40.87	GREY	GREY	1
420	M	Transmembrane	5.54	9.62	CORE	CORE	1
421	I	Transmembrane	25.521	26.401	GREY	GREY	1
422	F	Transmembrane	68.183	66.9	GREY	GREY	1
423	I	Transmembrane	11.5	13.675	GREY	GREY	1
424	S	Extracellular	31.935	39.618	EXPOSED	EXPOSED	1
425	P	Extracellular	72.88	82.753	EXPOSED	EXPOSED	1
426	D	Extracellular	70.877	57.219	EXPOSED	EXPOSED	1
427	L	Extracellular	50.468	26.436	EXPOSED	GREY	0
428	H	Extracellular	34.797	40.138	EXPOSED	EXPOSED	1
429	W	Extracellular	57.858	60.482	EXPOSED	EXPOSED	1
430	L	Extracellular	37.08	25.835	EXPOSED	GREY	0
431	N	Extracellular	26.854	28.739	GREY	GREY	1
432	I	Transmembrane	4.904	15.325	CORE	GREY	0
433	I	Transmembrane	54.558	41.002	GREY	GREY	1
434	I	Transmembrane	15.325	17.164	GREY	GREY	1
435	M	Transmembrane	3.88	6.505	CORE	CORE	1
436	C	Transmembrane	7.421	13.361	CORE	GREY	0
437	V	Transmembrane	28.456	29.844	GREY	GREY	1
438	G	Transmembrane	1.161	2.322	CORE	CORE	1
439	R	Transmembrane	0.441	5.796	CORE	CORE	1
440	M	Transmembrane	19.207	23.5	GREY	GREY	1
441	G	Transmembrane	0.0	0.0	CORE	CORE	1
442	I	Transmembrane	0.0	2.452	CORE	CORE	1
443	T	Transmembrane	6.24	6.942	CORE	CORE	1
444	I	Transmembrane	7.969	11.034	CORE	GREY	0
445	A	Transmembrane	0.0	0.936	CORE	CORE	1
446	I	Transmembrane	19.003	19.003	GREY	GREY	1
447	Q	Transmembrane	3.98	15.335	CORE	GREY	0
448	M	Transmembrane	0.0	0.574	CORE	CORE	1
449	I	Transmembrane	0.613	1.226	CORE	CORE	1
450	C	Transmembrane	25.799	36.812	GREY	GREY	1
451	L	Transmembrane	10.146	16.154	GREY	GREY	1
452	V	Transmembrane	0.0	6.862	CORE	CORE	1
453	N	Cytoplasmic	0.0	3.365	CORE	CORE	1
454	A	Cytoplasmic	23.404	27.979	GREY	GREY	1
455	E	Cytoplasmic	13.103	59.131	GREY	EXPOSED	0
456	L	Cytoplasmic	1.134	16.814	CORE	GREY	0
457	Y	Cytoplasmic	1.378	0.407	CORE	CORE	1
458	P	Cytoplasmic	0.76	47.018	CORE	EXPOSED	0
459	T	Cytoplasmic	38.891	58.127	EXPOSED	EXPOSED	1
460	F	Cytoplasmic	24.925	53.253	GREY	EXPOSED	0
461	V	Cytoplasmic	0.694	2.776	CORE	CORE	1
462	R	Cytoplasmic	16.065	24.855	GREY	GREY	1
463	N	Cytoplasmic	63.2	74.654	EXPOSED	EXPOSED	1
464	L	Cytoplasmic	14.136	17.968	GREY	GREY	1
465	G	Transmembrane	0.0	0.0	CORE	CORE	1
466	V	Transmembrane	23.597	28.456	GREY	GREY	1
467	M	Transmembrane	24.785	32.519	GREY	GREY	1
468	V	Transmembrane	13.881	9.482	GREY	CORE	0
469	C	Transmembrane	0.0	0.0	CORE	CORE	1
470	S	Transmembrane	12.454	18.939	GREY	GREY	1
471	S	Transmembrane	13.925	10.556	GREY	GREY	1
472	L	Transmembrane	23.432	21.629	GREY	GREY	1
473	C	Transmembrane	17.722	22.974	GREY	GREY	1
474	D	Transmembrane	2.846	1.11	CORE	CORE	1
475	I	Transmembrane	31.876	36.781	GREY	GREY	1
476	G	Transmembrane	0.0	2.191	CORE	CORE	1
477	G	Transmembrane	0.0	0.0	CORE	CORE	1
478	I	Transmembrane	24.52	23.838	GREY	GREY	1
479	I	Transmembrane	36.781	40.459	GREY	GREY	1
480	T	Transmembrane	0.0	0.702	CORE	CORE	1
481	P	Transmembrane	0.0	0.0	CORE	CORE	1
482	F	Transmembrane	30.524	33.04	GREY	GREY	1
483	I	Transmembrane	11.034	23.294	GREY	GREY	1
484	V	Transmembrane	0.0	2.698	CORE	CORE	1
485	F	Transmembrane	30.467	19.284	GREY	GREY	1
486	R	Extracellular	22.886	25.222	GREY	GREY	1
487	L	Extracellular	18.625	22.23	GREY	GREY	1
488	R	Extracellular	14.82	29.786	GREY	GREY	1
489	E	Extracellular	44.116	61.472	EXPOSED	EXPOSED	1
490	V	Extracellular	68.523	66.362	EXPOSED	EXPOSED	1
491	W	Extracellular	49.463	53.173	EXPOSED	EXPOSED	1
492	Q	Extracellular	56.586	57.176	EXPOSED	EXPOSED	1
493	A	Transmembrane	13.954	13.954	GREY	GREY	1
494	L	Transmembrane	28.771	23.432	GREY	GREY	1
495	P	Transmembrane	0.0	3.798	CORE	CORE	1
496	L	Transmembrane	5.407	7.21	CORE	CORE	1
497	I	Transmembrane	28.742	29.424	GREY	GREY	1
498	L	Transmembrane	26.98	28.238	GREY	GREY	1
499	F	Transmembrane	0.0	2.013	CORE	CORE	1
500	A	Transmembrane	3.745	4.681	CORE	CORE	1
501	V	Transmembrane	44.34	44.956	GREY	GREY	1
502	L	Transmembrane	15.621	19.226	GREY	GREY	1
503	G	Transmembrane	0.0	0.0	CORE	CORE	1
504	L	Transmembrane	33.433	38.502	GREY	GREY	1
505	L	Transmembrane	48.53	43.724	GREY	GREY	1
506	A	Transmembrane	0.0	0.936	CORE	CORE	1
507	A	Transmembrane	7.384	9.15	CORE	CORE	1
508	G	Transmembrane	38.213	39.222	GREY	GREY	1
509	V	Transmembrane	20.127	23.597	GREY	GREY	1
510	T	Transmembrane	0.0	0.0	CORE	CORE	1
511	L	Transmembrane	48.106	48.91	GREY	GREY	1
512	L	Transmembrane	54.249	50.12	GREY	GREY	1
513	L	Transmembrane	5.331	7.133	CORE	CORE	1
