pos	aa	resname	topology	rel_sasa	plddt	class	source
1	M	MET	Cytoplasmic	94.664	29.69	EXPOSED	SLC22A2_WT_unrelaxed_rank_001_alphafold2_ptm_model_2_seed_000
2	P	PRO	Cytoplasmic	29.98	37.59	GREY	SLC22A2_WT_unrelaxed_rank_001_alphafold2_ptm_model_2_seed_000
3	T	THR	Cytoplasmic	55.108	53.66	EXPOSED	SLC22A2_WT_unrelaxed_rank_001_alphafold2_ptm_model_2_seed_000
4	T	THR	Cytoplasmic	29.808	64.69	GREY	SLC22A2_WT_unrelaxed_rank_001_alphafold2_ptm_model_2_seed_000
5	V	VAL	Cytoplasmic	14.378	64.94	GREY	SLC22A2_WT_unrelaxed_rank_001_alphafold2_ptm_model_2_seed_000
6	D	ASP	Cytoplasmic	13.606	68.38	GREY	SLC22A2_WT_unrelaxed_rank_001_alphafold2_ptm_model_2_seed_000
7	D	ASP	Cytoplasmic	16.655	69.25	GREY	SLC22A2_WT_unrelaxed_rank_001_alphafold2_ptm_model_2_seed_000
8	V	VAL	Cytoplasmic	7.478	70.81	CORE	SLC22A2_WT_unrelaxed_rank_001_alphafold2_ptm_model_2_seed_000
9	L	LEU	Cytoplasmic	9.012	71.06	CORE	SLC22A2_WT_unrelaxed_rank_001_alphafold2_ptm_model_2_seed_000
10	E	GLU	Cytoplasmic	44.639	75.44	EXPOSED	SLC22A2_WT_unrelaxed_rank_001_alphafold2_ptm_model_2_seed_000
11	H	HIS	Cytoplasmic	35.909	71.31	EXPOSED	SLC22A2_WT_unrelaxed_rank_001_alphafold2_ptm_model_2_seed_000
12	G	GLY	Cytoplasmic	4.645	67.0	CORE	SLC22A2_WT_unrelaxed_rank_001_alphafold2_ptm_model_2_seed_000
13	G	GLY	Cytoplasmic	2.06	71.0	CORE	SLC22A2_WT_unrelaxed_rank_001_alphafold2_ptm_model_2_seed_000
14	E	GLU	Cytoplasmic	19.911	76.94	GREY	SLC22A2_WT_unrelaxed_rank_001_alphafold2_ptm_model_2_seed_000
15	F	PHE	Cytoplasmic	21.25	82.38	GREY	SLC22A2_WT_unrelaxed_rank_001_alphafold2_ptm_model_2_seed_000
16	H	HIS	Cytoplasmic	36.262	86.94	EXPOSED	SLC22A2_WT_unrelaxed_rank_001_alphafold2_ptm_model_2_seed_000
17	F	PHE	Cytoplasmic	54.742	88.56	EXPOSED	SLC22A2_WT_unrelaxed_rank_001_alphafold2_ptm_model_2_seed_000
18	F	PHE	Cytoplasmic	3.522	89.38	CORE	SLC22A2_WT_unrelaxed_rank_001_alphafold2_ptm_model_2_seed_000
19	Q	GLN	Cytoplasmic	3.595	90.94	CORE	SLC22A2_WT_unrelaxed_rank_001_alphafold2_ptm_model_2_seed_000
20	K	LYS	Cytoplasmic	48.929	91.75	EXPOSED	SLC22A2_WT_unrelaxed_rank_001_alphafold2_ptm_model_2_seed_000
21	Q	GLN	Cytoplasmic	29.286	92.5	GREY	SLC22A2_WT_unrelaxed_rank_001_alphafold2_ptm_model_2_seed_000
22	M	MET	Cytoplasmic	2.192	90.44	CORE	SLC22A2_WT_unrelaxed_rank_001_alphafold2_ptm_model_2_seed_000
23	F	PHE	Transmembrane	17.108	92.94	GREY	SLC22A2_WT_unrelaxed_rank_001_alphafold2_ptm_model_2_seed_000
24	F	PHE	Transmembrane	56.802	93.12	GREY	SLC22A2_WT_unrelaxed_rank_001_alphafold2_ptm_model_2_seed_000
25	L	LEU	Transmembrane	15.02	92.56	GREY	SLC22A2_WT_unrelaxed_rank_001_alphafold2_ptm_model_2_seed_000
26	L	LEU	Transmembrane	0.0	92.25	CORE	SLC22A2_WT_unrelaxed_rank_001_alphafold2_ptm_model_2_seed_000
27	A	ALA	Transmembrane	9.256	93.25	CORE	SLC22A2_WT_unrelaxed_rank_001_alphafold2_ptm_model_2_seed_000
28	L	LEU	Transmembrane	33.578	93.06	GREY	SLC22A2_WT_unrelaxed_rank_001_alphafold2_ptm_model_2_seed_000
29	L	LEU	Transmembrane	7.743	92.06	CORE	SLC22A2_WT_unrelaxed_rank_001_alphafold2_ptm_model_2_seed_000
30	S	SER	Transmembrane	0.0	93.0	CORE	SLC22A2_WT_unrelaxed_rank_001_alphafold2_ptm_model_2_seed_000
31	A	ALA	Transmembrane	15.598	94.31	GREY	SLC22A2_WT_unrelaxed_rank_001_alphafold2_ptm_model_2_seed_000
32	T	THR	Transmembrane	17.157	92.56	GREY	SLC22A2_WT_unrelaxed_rank_001_alphafold2_ptm_model_2_seed_000
33	F	PHE	Transmembrane	10.064	93.19	GREY	SLC22A2_WT_unrelaxed_rank_001_alphafold2_ptm_model_2_seed_000
34	A	ALA	Transmembrane	0.0	92.25	CORE	SLC22A2_WT_unrelaxed_rank_001_alphafold2_ptm_model_2_seed_000
35	P	PRO	Transmembrane	10.965	92.06	GREY	SLC22A2_WT_unrelaxed_rank_001_alphafold2_ptm_model_2_seed_000
36	I	ILE	Transmembrane	3.065	92.44	CORE	SLC22A2_WT_unrelaxed_rank_001_alphafold2_ptm_model_2_seed_000
37	Y	TYR	Transmembrane	10.554	90.44	GREY	SLC22A2_WT_unrelaxed_rank_001_alphafold2_ptm_model_2_seed_000
38	V	VAL	Transmembrane	3.47	89.25	CORE	SLC22A2_WT_unrelaxed_rank_001_alphafold2_ptm_model_2_seed_000
39	G	GLY	Transmembrane	2.322	88.44	CORE	SLC22A2_WT_unrelaxed_rank_001_alphafold2_ptm_model_2_seed_000
40	I	ILE	Transmembrane	2.383	89.94	CORE	SLC22A2_WT_unrelaxed_rank_001_alphafold2_ptm_model_2_seed_000
41	V	VAL	Transmembrane	10.635	88.44	GREY	SLC22A2_WT_unrelaxed_rank_001_alphafold2_ptm_model_2_seed_000
42	F	PHE	Transmembrane	5.195	90.69	CORE	SLC22A2_WT_unrelaxed_rank_001_alphafold2_ptm_model_2_seed_000
43	L	LEU	Transmembrane	3.004	90.62	CORE	SLC22A2_WT_unrelaxed_rank_001_alphafold2_ptm_model_2_seed_000
44	G	GLY	Extracellular	2.06	86.62	CORE	SLC22A2_WT_unrelaxed_rank_001_alphafold2_ptm_model_2_seed_000
45	F	PHE	Extracellular	17.611	85.5	GREY	SLC22A2_WT_unrelaxed_rank_001_alphafold2_ptm_model_2_seed_000
46	T	THR	Extracellular	40.007	83.81	EXPOSED	SLC22A2_WT_unrelaxed_rank_001_alphafold2_ptm_model_2_seed_000
47	P	PRO	Extracellular	5.905	84.5	CORE	SLC22A2_WT_unrelaxed_rank_001_alphafold2_ptm_model_2_seed_000
48	D	ASP	Extracellular	50.161	83.12	EXPOSED	SLC22A2_WT_unrelaxed_rank_001_alphafold2_ptm_model_2_seed_000
49	H	HIS	Extracellular	13.48	85.94	GREY	SLC22A2_WT_unrelaxed_rank_001_alphafold2_ptm_model_2_seed_000
50	R	ARG	Extracellular	23.124	86.38	GREY	SLC22A2_WT_unrelaxed_rank_001_alphafold2_ptm_model_2_seed_000
51	C	CYS	Extracellular	9.104	87.06	CORE	SLC22A2_WT_unrelaxed_rank_001_alphafold2_ptm_model_2_seed_000
52	R	ARG	Extracellular	53.957	86.56	EXPOSED	SLC22A2_WT_unrelaxed_rank_001_alphafold2_ptm_model_2_seed_000
53	S	SER	Extracellular	14.764	85.75	GREY	SLC22A2_WT_unrelaxed_rank_001_alphafold2_ptm_model_2_seed_000
54	P	PRO	Extracellular	45.314	84.94	EXPOSED	SLC22A2_WT_unrelaxed_rank_001_alphafold2_ptm_model_2_seed_000
55	G	GLY	Extracellular	20.594	82.19	GREY	SLC22A2_WT_unrelaxed_rank_001_alphafold2_ptm_model_2_seed_000
56	V	VAL	Extracellular	4.858	85.0	CORE	SLC22A2_WT_unrelaxed_rank_001_alphafold2_ptm_model_2_seed_000
57	A	ALA	Extracellular	60.553	84.06	EXPOSED	SLC22A2_WT_unrelaxed_rank_001_alphafold2_ptm_model_2_seed_000
58	E	GLU	Extracellular	56.992	85.81	EXPOSED	SLC22A2_WT_unrelaxed_rank_001_alphafold2_ptm_model_2_seed_000
59	L	LEU	Extracellular	5.351	84.31	CORE	SLC22A2_WT_unrelaxed_rank_001_alphafold2_ptm_model_2_seed_000
60	S	SER	Extracellular	8.471	86.12	CORE	SLC22A2_WT_unrelaxed_rank_001_alphafold2_ptm_model_2_seed_000
61	L	LEU	Extracellular	75.56	86.5	EXPOSED	SLC22A2_WT_unrelaxed_rank_001_alphafold2_ptm_model_2_seed_000
62	R	ARG	Extracellular	63.203	85.62	EXPOSED	SLC22A2_WT_unrelaxed_rank_001_alphafold2_ptm_model_2_seed_000
63	C	CYS	Extracellular	15.398	84.62	GREY	SLC22A2_WT_unrelaxed_rank_001_alphafold2_ptm_model_2_seed_000
64	G	GLY	Extracellular	54.524	87.0	EXPOSED	SLC22A2_WT_unrelaxed_rank_001_alphafold2_ptm_model_2_seed_000
65	W	TRP	Extracellular	9.693	86.56	CORE	SLC22A2_WT_unrelaxed_rank_001_alphafold2_ptm_model_2_seed_000
66	S	SER	Extracellular	30.992	86.31	EXPOSED	SLC22A2_WT_unrelaxed_rank_001_alphafold2_ptm_model_2_seed_000
67	P	PRO	Extracellular	65.835	82.38	EXPOSED	SLC22A2_WT_unrelaxed_rank_001_alphafold2_ptm_model_2_seed_000
68	A	ALA	Extracellular	55.89	82.75	EXPOSED	SLC22A2_WT_unrelaxed_rank_001_alphafold2_ptm_model_2_seed_000
69	E	GLU	Extracellular	39.118	82.81	EXPOSED	SLC22A2_WT_unrelaxed_rank_001_alphafold2_ptm_model_2_seed_000
70	E	GLU	Extracellular	22.285	83.44	GREY	SLC22A2_WT_unrelaxed_rank_001_alphafold2_ptm_model_2_seed_000
71	L	LEU	Extracellular	28.568	81.69	GREY	SLC22A2_WT_unrelaxed_rank_001_alphafold2_ptm_model_2_seed_000
72	N	ASN	Extracellular	51.329	83.06	EXPOSED	SLC22A2_WT_unrelaxed_rank_001_alphafold2_ptm_model_2_seed_000
73	Y	TYR	Extracellular	16.658	78.31	GREY	SLC22A2_WT_unrelaxed_rank_001_alphafold2_ptm_model_2_seed_000
74	T	THR	Extracellular	10.284	77.56	GREY	SLC22A2_WT_unrelaxed_rank_001_alphafold2_ptm_model_2_seed_000
75	V	VAL	Extracellular	19.501	80.56	GREY	SLC22A2_WT_unrelaxed_rank_001_alphafold2_ptm_model_2_seed_000
76	P	PRO	Extracellular	3.038	77.0	CORE	SLC22A2_WT_unrelaxed_rank_001_alphafold2_ptm_model_2_seed_000
77	G	GLY	Extracellular	31.243	67.75	EXPOSED	SLC22A2_WT_unrelaxed_rank_001_alphafold2_ptm_model_2_seed_000
78	P	PRO	Extracellular	51.796	59.31	EXPOSED	SLC22A2_WT_unrelaxed_rank_001_alphafold2_ptm_model_2_seed_000
79	G	GLY	Extracellular	19.723	55.84	GREY	SLC22A2_WT_unrelaxed_rank_001_alphafold2_ptm_model_2_seed_000
80	P	PRO	Extracellular	61.894	48.72	EXPOSED	SLC22A2_WT_unrelaxed_rank_001_alphafold2_ptm_model_2_seed_000
81	A	ALA	Extracellular	87.32	38.09	EXPOSED	SLC22A2_WT_unrelaxed_rank_001_alphafold2_ptm_model_2_seed_000
82	G	GLY	Extracellular	82.026	43.12	EXPOSED	SLC22A2_WT_unrelaxed_rank_001_alphafold2_ptm_model_2_seed_000
83	E	GLU	Extracellular	61.594	44.03	EXPOSED	SLC22A2_WT_unrelaxed_rank_001_alphafold2_ptm_model_2_seed_000
84	A	ALA	Extracellular	67.053	48.69	EXPOSED	SLC22A2_WT_unrelaxed_rank_001_alphafold2_ptm_model_2_seed_000
85	S	SER	Extracellular	32.774	53.66	EXPOSED	SLC22A2_WT_unrelaxed_rank_001_alphafold2_ptm_model_2_seed_000
86	P	PRO	Extracellular	18.988	56.97	GREY	SLC22A2_WT_unrelaxed_rank_001_alphafold2_ptm_model_2_seed_000
87	R	ARG	Extracellular	38.367	65.12	EXPOSED	SLC22A2_WT_unrelaxed_rank_001_alphafold2_ptm_model_2_seed_000
88	Q	GLN	Extracellular	28.147	75.25	GREY	SLC22A2_WT_unrelaxed_rank_001_alphafold2_ptm_model_2_seed_000
89	C	CYS	Extracellular	31.37	82.56	EXPOSED	SLC22A2_WT_unrelaxed_rank_001_alphafold2_ptm_model_2_seed_000
90	R	ARG	Extracellular	46.507	84.0	EXPOSED	SLC22A2_WT_unrelaxed_rank_001_alphafold2_ptm_model_2_seed_000
91	R	ARG	Extracellular	12.539	84.62	GREY	SLC22A2_WT_unrelaxed_rank_001_alphafold2_ptm_model_2_seed_000
92	Y	TYR	Extracellular	7.081	82.12	CORE	SLC22A2_WT_unrelaxed_rank_001_alphafold2_ptm_model_2_seed_000
93	E	GLU	Extracellular	44.342	80.94	EXPOSED	SLC22A2_WT_unrelaxed_rank_001_alphafold2_ptm_model_2_seed_000
94	V	VAL	Extracellular	9.025	79.25	CORE	SLC22A2_WT_unrelaxed_rank_001_alphafold2_ptm_model_2_seed_000
95	D	ASP	Extracellular	45.622	79.81	EXPOSED	SLC22A2_WT_unrelaxed_rank_001_alphafold2_ptm_model_2_seed_000
96	W	TRP	Extracellular	2.311	77.44	CORE	SLC22A2_WT_unrelaxed_rank_001_alphafold2_ptm_model_2_seed_000
97	N	ASN	Extracellular	59.602	75.62	EXPOSED	SLC22A2_WT_unrelaxed_rank_001_alphafold2_ptm_model_2_seed_000
98	Q	GLN	Extracellular	41.646	72.19	EXPOSED	SLC22A2_WT_unrelaxed_rank_001_alphafold2_ptm_model_2_seed_000
99	S	SER	Extracellular	63.291	61.34	EXPOSED	SLC22A2_WT_unrelaxed_rank_001_alphafold2_ptm_model_2_seed_000
100	T	THR	Extracellular	58.402	64.44	EXPOSED	SLC22A2_WT_unrelaxed_rank_001_alphafold2_ptm_model_2_seed_000
101	F	PHE	Extracellular	4.911	71.81	CORE	SLC22A2_WT_unrelaxed_rank_001_alphafold2_ptm_model_2_seed_000
102	D	ASP	Extracellular	50.256	71.19	EXPOSED	SLC22A2_WT_unrelaxed_rank_001_alphafold2_ptm_model_2_seed_000
103	C	CYS	Extracellular	30.715	75.81	EXPOSED	SLC22A2_WT_unrelaxed_rank_001_alphafold2_ptm_model_2_seed_000
104	V	VAL	Extracellular	66.002	73.19	EXPOSED	SLC22A2_WT_unrelaxed_rank_001_alphafold2_ptm_model_2_seed_000
105	D	ASP	Extracellular	26.548	72.25	GREY	SLC22A2_WT_unrelaxed_rank_001_alphafold2_ptm_model_2_seed_000
106	P	PRO	Extracellular	0.0	69.69	CORE	SLC22A2_WT_unrelaxed_rank_001_alphafold2_ptm_model_2_seed_000
107	L	LEU	Extracellular	2.335	70.56	CORE	SLC22A2_WT_unrelaxed_rank_001_alphafold2_ptm_model_2_seed_000
108	A	ALA	Extracellular	44.077	65.94	EXPOSED	SLC22A2_WT_unrelaxed_rank_001_alphafold2_ptm_model_2_seed_000
109	S	SER	Extracellular	45.746	61.69	EXPOSED	SLC22A2_WT_unrelaxed_rank_001_alphafold2_ptm_model_2_seed_000
110	L	LEU	Extracellular	37.224	64.75	EXPOSED	SLC22A2_WT_unrelaxed_rank_001_alphafold2_ptm_model_2_seed_000
111	D	ASP	Extracellular	34.288	58.97	EXPOSED	SLC22A2_WT_unrelaxed_rank_001_alphafold2_ptm_model_2_seed_000
112	T	THR	Extracellular	83.517	55.66	EXPOSED	SLC22A2_WT_unrelaxed_rank_001_alphafold2_ptm_model_2_seed_000
113	N	ASN	Extracellular	42.037	60.06	EXPOSED	SLC22A2_WT_unrelaxed_rank_001_alphafold2_ptm_model_2_seed_000
114	R	ARG	Extracellular	40.855	59.06	EXPOSED	SLC22A2_WT_unrelaxed_rank_001_alphafold2_ptm_model_2_seed_000
115	S	SER	Extracellular	65.464	60.19	EXPOSED	SLC22A2_WT_unrelaxed_rank_001_alphafold2_ptm_model_2_seed_000
116	R	ARG	Extracellular	66.377	62.84	EXPOSED	SLC22A2_WT_unrelaxed_rank_001_alphafold2_ptm_model_2_seed_000
117	L	LEU	Extracellular	8.47	72.31	CORE	SLC22A2_WT_unrelaxed_rank_001_alphafold2_ptm_model_2_seed_000
118	P	PRO	Extracellular	43.207	77.62	EXPOSED	SLC22A2_WT_unrelaxed_rank_001_alphafold2_ptm_model_2_seed_000
119	L	LEU	Extracellular	33.051	82.31	EXPOSED	SLC22A2_WT_unrelaxed_rank_001_alphafold2_ptm_model_2_seed_000
120	G	GLY	Extracellular	1.161	81.88	CORE	SLC22A2_WT_unrelaxed_rank_001_alphafold2_ptm_model_2_seed_000
121	P	PRO	Extracellular	45.328	85.62	EXPOSED	SLC22A2_WT_unrelaxed_rank_001_alphafold2_ptm_model_2_seed_000
122	C	CYS	Extracellular	17.991	85.25	GREY	SLC22A2_WT_unrelaxed_rank_001_alphafold2_ptm_model_2_seed_000
123	R	ARG	Extracellular	67.785	83.75	EXPOSED	SLC22A2_WT_unrelaxed_rank_001_alphafold2_ptm_model_2_seed_000
124	D	ASP	Extracellular	38.527	84.06	EXPOSED	SLC22A2_WT_unrelaxed_rank_001_alphafold2_ptm_model_2_seed_000
125	G	GLY	Extracellular	26.159	85.94	GREY	SLC22A2_WT_unrelaxed_rank_001_alphafold2_ptm_model_2_seed_000
126	W	TRP	Extracellular	17.121	89.25	GREY	SLC22A2_WT_unrelaxed_rank_001_alphafold2_ptm_model_2_seed_000
127	V	VAL	Extracellular	27.762	87.81	GREY	SLC22A2_WT_unrelaxed_rank_001_alphafold2_ptm_model_2_seed_000
128	Y	TYR	Extracellular	17.462	87.81	GREY	SLC22A2_WT_unrelaxed_rank_001_alphafold2_ptm_model_2_seed_000
129	E	GLU	Extracellular	43.511	79.25	EXPOSED	SLC22A2_WT_unrelaxed_rank_001_alphafold2_ptm_model_2_seed_000
130	T	THR	Extracellular	26.157	79.38	GREY	SLC22A2_WT_unrelaxed_rank_001_alphafold2_ptm_model_2_seed_000
131	P	PRO	Extracellular	87.239	73.38	EXPOSED	SLC22A2_WT_unrelaxed_rank_001_alphafold2_ptm_model_2_seed_000
132	G	GLY	Extracellular	17.971	81.62	GREY	SLC22A2_WT_unrelaxed_rank_001_alphafold2_ptm_model_2_seed_000
133	S	SER	Extracellular	18.26	88.56	GREY	SLC22A2_WT_unrelaxed_rank_001_alphafold2_ptm_model_2_seed_000
134	S	SER	Extracellular	0.0	91.5	CORE	SLC22A2_WT_unrelaxed_rank_001_alphafold2_ptm_model_2_seed_000
135	I	ILE	Extracellular	1.226	92.06	CORE	SLC22A2_WT_unrelaxed_rank_001_alphafold2_ptm_model_2_seed_000
136	V	VAL	Extracellular	0.0	90.38	CORE	SLC22A2_WT_unrelaxed_rank_001_alphafold2_ptm_model_2_seed_000
137	T	THR	Extracellular	16.207	90.44	GREY	SLC22A2_WT_unrelaxed_rank_001_alphafold2_ptm_model_2_seed_000
138	E	GLU	Extracellular	33.779	91.38	EXPOSED	SLC22A2_WT_unrelaxed_rank_001_alphafold2_ptm_model_2_seed_000
139	F	PHE	Extracellular	16.703	91.88	GREY	SLC22A2_WT_unrelaxed_rank_001_alphafold2_ptm_model_2_seed_000
140	N	ASN	Extracellular	29.364	90.88	GREY	SLC22A2_WT_unrelaxed_rank_001_alphafold2_ptm_model_2_seed_000
141	L	LEU	Extracellular	2.801	90.0	CORE	SLC22A2_WT_unrelaxed_rank_001_alphafold2_ptm_model_2_seed_000
142	V	VAL	Extracellular	4.008	87.31	CORE	SLC22A2_WT_unrelaxed_rank_001_alphafold2_ptm_model_2_seed_000
143	C	CYS	Extracellular	21.492	85.06	GREY	SLC22A2_WT_unrelaxed_rank_001_alphafold2_ptm_model_2_seed_000
144	A	ALA	Extracellular	61.278	85.56	EXPOSED	SLC22A2_WT_unrelaxed_rank_001_alphafold2_ptm_model_2_seed_000
145	N	ASN	Extracellular	36.239	88.56	EXPOSED	SLC22A2_WT_unrelaxed_rank_001_alphafold2_ptm_model_2_seed_000
146	S	SER	Extracellular	17.996	86.06	GREY	SLC22A2_WT_unrelaxed_rank_001_alphafold2_ptm_model_2_seed_000
147	W	TRP	Extracellular	34.769	88.81	EXPOSED	SLC22A2_WT_unrelaxed_rank_001_alphafold2_ptm_model_2_seed_000
148	M	MET	Extracellular	20.23	91.75	GREY	SLC22A2_WT_unrelaxed_rank_001_alphafold2_ptm_model_2_seed_000
149	L	LEU	Extracellular	1.202	89.19	CORE	SLC22A2_WT_unrelaxed_rank_001_alphafold2_ptm_model_2_seed_000
150	D	ASP	Extracellular	0.555	90.12	CORE	SLC22A2_WT_unrelaxed_rank_001_alphafold2_ptm_model_2_seed_000
151	L	LEU	Transmembrane	28.238	93.31	GREY	SLC22A2_WT_unrelaxed_rank_001_alphafold2_ptm_model_2_seed_000
152	F	PHE	Transmembrane	0.503	93.0	CORE	SLC22A2_WT_unrelaxed_rank_001_alphafold2_ptm_model_2_seed_000
153	Q	GLN	Transmembrane	0.0	91.5	CORE	SLC22A2_WT_unrelaxed_rank_001_alphafold2_ptm_model_2_seed_000
154	S	SER	Transmembrane	2.337	93.5	CORE	SLC22A2_WT_unrelaxed_rank_001_alphafold2_ptm_model_2_seed_000
155	S	SER	Transmembrane	7.012	94.56	CORE	SLC22A2_WT_unrelaxed_rank_001_alphafold2_ptm_model_2_seed_000
156	V	VAL	Transmembrane	0.0	93.19	CORE	SLC22A2_WT_unrelaxed_rank_001_alphafold2_ptm_model_2_seed_000
157	N	ASN	Transmembrane	2.887	92.5	CORE	SLC22A2_WT_unrelaxed_rank_001_alphafold2_ptm_model_2_seed_000
158	V	VAL	Transmembrane	27.762	94.56	GREY	SLC22A2_WT_unrelaxed_rank_001_alphafold2_ptm_model_2_seed_000
159	G	GLY	Transmembrane	1.161	93.69	CORE	SLC22A2_WT_unrelaxed_rank_001_alphafold2_ptm_model_2_seed_000
160	F	PHE	Transmembrane	2.013	91.38	CORE	SLC22A2_WT_unrelaxed_rank_001_alphafold2_ptm_model_2_seed_000
161	F	PHE	Transmembrane	27.675	90.31	GREY	SLC22A2_WT_unrelaxed_rank_001_alphafold2_ptm_model_2_seed_000
162	I	ILE	Transmembrane	37.394	91.19	GREY	SLC22A2_WT_unrelaxed_rank_001_alphafold2_ptm_model_2_seed_000
163	G	GLY	Transmembrane	0.0	88.38	CORE	SLC22A2_WT_unrelaxed_rank_001_alphafold2_ptm_model_2_seed_000
164	S	SER	Transmembrane	24.733	82.31	GREY	SLC22A2_WT_unrelaxed_rank_001_alphafold2_ptm_model_2_seed_000
165	M	MET	Transmembrane	52.058	80.44	GREY	SLC22A2_WT_unrelaxed_rank_001_alphafold2_ptm_model_2_seed_000
166	S	SER	Transmembrane	35.629	85.88	GREY	SLC22A2_WT_unrelaxed_rank_001_alphafold2_ptm_model_2_seed_000
167	I	ILE	Transmembrane	9.195	83.12	CORE	SLC22A2_WT_unrelaxed_rank_001_alphafold2_ptm_model_2_seed_000
168	G	GLY	Transmembrane	22.742	73.88	GREY	SLC22A2_WT_unrelaxed_rank_001_alphafold2_ptm_model_2_seed_000
169	Y	TYR	Transmembrane	56.875	80.44	GREY	SLC22A2_WT_unrelaxed_rank_001_alphafold2_ptm_model_2_seed_000
170	I	ILE	Transmembrane	36.168	84.69	GREY	SLC22A2_WT_unrelaxed_rank_001_alphafold2_ptm_model_2_seed_000
171	A	ALA	Transmembrane	3.745	84.12	CORE	SLC22A2_WT_unrelaxed_rank_001_alphafold2_ptm_model_2_seed_000
172	D	ASP	Cytoplasmic	42.907	80.5	EXPOSED	SLC22A2_WT_unrelaxed_rank_001_alphafold2_ptm_model_2_seed_000
173	R	ARG	Cytoplasmic	54.534	80.06	EXPOSED	SLC22A2_WT_unrelaxed_rank_001_alphafold2_ptm_model_2_seed_000
174	F	PHE	Cytoplasmic	52.259	84.25	EXPOSED	SLC22A2_WT_unrelaxed_rank_001_alphafold2_ptm_model_2_seed_000
175	G	GLY	Cytoplasmic	0.0	84.31	CORE	SLC22A2_WT_unrelaxed_rank_001_alphafold2_ptm_model_2_seed_000
176	R	ARG	Cytoplasmic	12.938	87.38	GREY	SLC22A2_WT_unrelaxed_rank_001_alphafold2_ptm_model_2_seed_000
177	K	LYS	Cytoplasmic	17.31	90.88	GREY	SLC22A2_WT_unrelaxed_rank_001_alphafold2_ptm_model_2_seed_000
178	L	LEU	Transmembrane	50.411	91.56	GREY	SLC22A2_WT_unrelaxed_rank_001_alphafold2_ptm_model_2_seed_000
179	C	CYS	Transmembrane	8.846	92.06	CORE	SLC22A2_WT_unrelaxed_rank_001_alphafold2_ptm_model_2_seed_000
180	L	LEU	Transmembrane	3.605	92.62	CORE	SLC22A2_WT_unrelaxed_rank_001_alphafold2_ptm_model_2_seed_000
181	L	LEU	Transmembrane	12.549	94.56	GREY	SLC22A2_WT_unrelaxed_rank_001_alphafold2_ptm_model_2_seed_000
182	T	THR	Transmembrane	36.568	94.69	GREY	SLC22A2_WT_unrelaxed_rank_001_alphafold2_ptm_model_2_seed_000
183	T	THR	Transmembrane	4.133	94.19	CORE	SLC22A2_WT_unrelaxed_rank_001_alphafold2_ptm_model_2_seed_000
184	V	VAL	Transmembrane	8.944	94.75	CORE	SLC22A2_WT_unrelaxed_rank_001_alphafold2_ptm_model_2_seed_000
185	L	LEU	Transmembrane	39.053	96.31	GREY	SLC22A2_WT_unrelaxed_rank_001_alphafold2_ptm_model_2_seed_000
186	I	ILE	Transmembrane	33.033	96.62	GREY	SLC22A2_WT_unrelaxed_rank_001_alphafold2_ptm_model_2_seed_000
187	N	ASN	Transmembrane	7.899	95.75	CORE	SLC22A2_WT_unrelaxed_rank_001_alphafold2_ptm_model_2_seed_000
188	A	ALA	Transmembrane	0.936	95.94	CORE	SLC22A2_WT_unrelaxed_rank_001_alphafold2_ptm_model_2_seed_000
189	A	ALA	Transmembrane	27.979	97.25	GREY	SLC22A2_WT_unrelaxed_rank_001_alphafold2_ptm_model_2_seed_000
190	A	ALA	Transmembrane	3.656	97.12	CORE	SLC22A2_WT_unrelaxed_rank_001_alphafold2_ptm_model_2_seed_000
191	G	GLY	Transmembrane	0.0	95.81	CORE	SLC22A2_WT_unrelaxed_rank_001_alphafold2_ptm_model_2_seed_000
192	V	VAL	Transmembrane	17.351	96.75	GREY	SLC22A2_WT_unrelaxed_rank_001_alphafold2_ptm_model_2_seed_000
193	L	LEU	Transmembrane	38.849	96.88	GREY	SLC22A2_WT_unrelaxed_rank_001_alphafold2_ptm_model_2_seed_000
194	M	MET	Transmembrane	1.078	95.25	CORE	SLC22A2_WT_unrelaxed_rank_001_alphafold2_ptm_model_2_seed_000
195	A	ALA	Transmembrane	0.0	94.31	CORE	SLC22A2_WT_unrelaxed_rank_001_alphafold2_ptm_model_2_seed_000
196	I	ILE	Transmembrane	52.571	95.75	GREY	SLC22A2_WT_unrelaxed_rank_001_alphafold2_ptm_model_2_seed_000
197	S	SER	Transmembrane	1.558	95.06	CORE	SLC22A2_WT_unrelaxed_rank_001_alphafold2_ptm_model_2_seed_000
198	P	PRO	Transmembrane	61.327	92.69	GREY	SLC22A2_WT_unrelaxed_rank_001_alphafold2_ptm_model_2_seed_000
199	T	THR	Extracellular	34.947	95.12	EXPOSED	SLC22A2_WT_unrelaxed_rank_001_alphafold2_ptm_model_2_seed_000
200	Y	TYR	Extracellular	9.469	93.94	CORE	SLC22A2_WT_unrelaxed_rank_001_alphafold2_ptm_model_2_seed_000
201	T	THR	Extracellular	53.717	95.06	EXPOSED	SLC22A2_WT_unrelaxed_rank_001_alphafold2_ptm_model_2_seed_000
202	W	TRP	Extracellular	48.96	95.56	EXPOSED	SLC22A2_WT_unrelaxed_rank_001_alphafold2_ptm_model_2_seed_000
203	M	MET	Extracellular	0.0	94.62	CORE	SLC22A2_WT_unrelaxed_rank_001_alphafold2_ptm_model_2_seed_000
204	L	LEU	Extracellular	16.755	95.56	GREY	SLC22A2_WT_unrelaxed_rank_001_alphafold2_ptm_model_2_seed_000
205	I	ILE	Extracellular	36.711	96.75	EXPOSED	SLC22A2_WT_unrelaxed_rank_001_alphafold2_ptm_model_2_seed_000
206	F	PHE	Extracellular	14.592	96.81	GREY	SLC22A2_WT_unrelaxed_rank_001_alphafold2_ptm_model_2_seed_000
207	R	ARG	Extracellular	0.399	95.31	CORE	SLC22A2_WT_unrelaxed_rank_001_alphafold2_ptm_model_2_seed_000
208	L	LEU	Extracellular	37.25	96.0	EXPOSED	SLC22A2_WT_unrelaxed_rank_001_alphafold2_ptm_model_2_seed_000
209	I	ILE	Transmembrane	32.489	96.62	GREY	SLC22A2_WT_unrelaxed_rank_001_alphafold2_ptm_model_2_seed_000
210	Q	GLN	Transmembrane	1.458	95.19	CORE	SLC22A2_WT_unrelaxed_rank_001_alphafold2_ptm_model_2_seed_000
211	G	GLY	Transmembrane	0.0	93.69	CORE	SLC22A2_WT_unrelaxed_rank_001_alphafold2_ptm_model_2_seed_000
212	L	LEU	Transmembrane	29.44	94.19	GREY	SLC22A2_WT_unrelaxed_rank_001_alphafold2_ptm_model_2_seed_000
213	V	VAL	Transmembrane	4.78	94.56	CORE	SLC22A2_WT_unrelaxed_rank_001_alphafold2_ptm_model_2_seed_000
214	S	SER	Transmembrane	8.91	92.5	CORE	SLC22A2_WT_unrelaxed_rank_001_alphafold2_ptm_model_2_seed_000
215	K	LYS	Transmembrane	17.571	89.31	GREY	SLC22A2_WT_unrelaxed_rank_001_alphafold2_ptm_model_2_seed_000
216	A	ALA	Transmembrane	3.639	88.62	CORE	SLC22A2_WT_unrelaxed_rank_001_alphafold2_ptm_model_2_seed_000
217	G	GLY	Transmembrane	5.806	90.31	CORE	SLC22A2_WT_unrelaxed_rank_001_alphafold2_ptm_model_2_seed_000
218	W	TRP	Transmembrane	19.028	90.88	GREY	SLC22A2_WT_unrelaxed_rank_001_alphafold2_ptm_model_2_seed_000
219	L	LEU	Transmembrane	34.246	87.38	GREY	SLC22A2_WT_unrelaxed_rank_001_alphafold2_ptm_model_2_seed_000
220	I	ILE	Transmembrane	3.678	88.94	CORE	SLC22A2_WT_unrelaxed_rank_001_alphafold2_ptm_model_2_seed_000
221	G	GLY	Transmembrane	0.0	90.5	CORE	SLC22A2_WT_unrelaxed_rank_001_alphafold2_ptm_model_2_seed_000
222	Y	TYR	Transmembrane	33.493	88.31	GREY	SLC22A2_WT_unrelaxed_rank_001_alphafold2_ptm_model_2_seed_000
223	I	ILE	Transmembrane	25.133	85.69	GREY	SLC22A2_WT_unrelaxed_rank_001_alphafold2_ptm_model_2_seed_000
224	L	LEU	Transmembrane	0.0	88.12	CORE	SLC22A2_WT_unrelaxed_rank_001_alphafold2_ptm_model_2_seed_000
225	I	ILE	Transmembrane	1.226	89.12	CORE	SLC22A2_WT_unrelaxed_rank_001_alphafold2_ptm_model_2_seed_000
226	T	THR	Transmembrane	13.636	83.69	GREY	SLC22A2_WT_unrelaxed_rank_001_alphafold2_ptm_model_2_seed_000
227	E	GLU	Transmembrane	6.551	85.38	CORE	SLC22A2_WT_unrelaxed_rank_001_alphafold2_ptm_model_2_seed_000
228	F	PHE	Transmembrane	2.459	84.31	CORE	SLC22A2_WT_unrelaxed_rank_001_alphafold2_ptm_model_2_seed_000
229	V	VAL	Transmembrane	0.694	85.44	CORE	SLC22A2_WT_unrelaxed_rank_001_alphafold2_ptm_model_2_seed_000
230	G	GLY	Cytoplasmic	2.322	77.62	CORE	SLC22A2_WT_unrelaxed_rank_001_alphafold2_ptm_model_2_seed_000
231	R	ARG	Cytoplasmic	52.058	74.5	EXPOSED	SLC22A2_WT_unrelaxed_rank_001_alphafold2_ptm_model_2_seed_000
232	R	ARG	Cytoplasmic	67.757	78.12	EXPOSED	SLC22A2_WT_unrelaxed_rank_001_alphafold2_ptm_model_2_seed_000
233	Y	TYR	Cytoplasmic	32.315	81.75	EXPOSED	SLC22A2_WT_unrelaxed_rank_001_alphafold2_ptm_model_2_seed_000
234	R	ARG	Cytoplasmic	22.402	80.31	GREY	SLC22A2_WT_unrelaxed_rank_001_alphafold2_ptm_model_2_seed_000
235	R	ARG	Cytoplasmic	35.233	76.62	EXPOSED	SLC22A2_WT_unrelaxed_rank_001_alphafold2_ptm_model_2_seed_000
236	T	THR	Cytoplasmic	34.916	81.62	EXPOSED	SLC22A2_WT_unrelaxed_rank_001_alphafold2_ptm_model_2_seed_000
237	V	VAL	Cytoplasmic	2.776	86.5	CORE	SLC22A2_WT_unrelaxed_rank_001_alphafold2_ptm_model_2_seed_000
238	G	GLY	Cytoplasmic	10.058	82.69	GREY	SLC22A2_WT_unrelaxed_rank_001_alphafold2_ptm_model_2_seed_000
239	I	ILE	Transmembrane	19.547	81.56	GREY	SLC22A2_WT_unrelaxed_rank_001_alphafold2_ptm_model_2_seed_000
240	F	PHE	Transmembrane	45.506	87.0	GREY	SLC22A2_WT_unrelaxed_rank_001_alphafold2_ptm_model_2_seed_000
241	Y	TYR	Transmembrane	0.0	89.06	CORE	SLC22A2_WT_unrelaxed_rank_001_alphafold2_ptm_model_2_seed_000
242	Q	GLN	Transmembrane	27.204	86.06	GREY	SLC22A2_WT_unrelaxed_rank_001_alphafold2_ptm_model_2_seed_000
243	V	VAL	Transmembrane	19.433	89.12	GREY	SLC22A2_WT_unrelaxed_rank_001_alphafold2_ptm_model_2_seed_000
244	A	ALA	Transmembrane	12.064	93.12	GREY	SLC22A2_WT_unrelaxed_rank_001_alphafold2_ptm_model_2_seed_000
245	Y	TYR	Transmembrane	6.836	92.38	CORE	SLC22A2_WT_unrelaxed_rank_001_alphafold2_ptm_model_2_seed_000
246	T	THR	Transmembrane	4.984	92.12	CORE	SLC22A2_WT_unrelaxed_rank_001_alphafold2_ptm_model_2_seed_000
247	V	VAL	Transmembrane	36.784	94.5	GREY	SLC22A2_WT_unrelaxed_rank_001_alphafold2_ptm_model_2_seed_000
248	G	GLY	Transmembrane	6.705	94.75	CORE	SLC22A2_WT_unrelaxed_rank_001_alphafold2_ptm_model_2_seed_000
249	L	LEU	Transmembrane	0.0	93.19	CORE	SLC22A2_WT_unrelaxed_rank_001_alphafold2_ptm_model_2_seed_000
250	L	LEU	Transmembrane	16.484	94.94	GREY	SLC22A2_WT_unrelaxed_rank_001_alphafold2_ptm_model_2_seed_000
251	V	VAL	Transmembrane	48.504	94.75	GREY	SLC22A2_WT_unrelaxed_rank_001_alphafold2_ptm_model_2_seed_000
252	L	LEU	Transmembrane	4.149	94.25	CORE	SLC22A2_WT_unrelaxed_rank_001_alphafold2_ptm_model_2_seed_000
253	A	ALA	Transmembrane	5.3	93.44	CORE	SLC22A2_WT_unrelaxed_rank_001_alphafold2_ptm_model_2_seed_000
254	G	GLY	Transmembrane	41.676	93.56	GREY	SLC22A2_WT_unrelaxed_rank_001_alphafold2_ptm_model_2_seed_000
255	V	VAL	Transmembrane	24.92	94.25	GREY	SLC22A2_WT_unrelaxed_rank_001_alphafold2_ptm_model_2_seed_000
256	A	ALA	Transmembrane	1.767	92.5	CORE	SLC22A2_WT_unrelaxed_rank_001_alphafold2_ptm_model_2_seed_000
257	Y	TYR	Transmembrane	60.052	91.69	GREY	SLC22A2_WT_unrelaxed_rank_001_alphafold2_ptm_model_2_seed_000
258	A	ALA	Transmembrane	55.508	93.06	GREY	SLC22A2_WT_unrelaxed_rank_001_alphafold2_ptm_model_2_seed_000
259	L	LEU	Transmembrane	30.506	92.19	GREY	SLC22A2_WT_unrelaxed_rank_001_alphafold2_ptm_model_2_seed_000
260	P	PRO	Extracellular	38.05	86.06	EXPOSED	SLC22A2_WT_unrelaxed_rank_001_alphafold2_ptm_model_2_seed_000
261	H	HIS	Extracellular	39.008	91.69	EXPOSED	SLC22A2_WT_unrelaxed_rank_001_alphafold2_ptm_model_2_seed_000
262	W	TRP	Extracellular	2.462	92.69	CORE	SLC22A2_WT_unrelaxed_rank_001_alphafold2_ptm_model_2_seed_000
263	R	ARG	Extracellular	27.358	94.5	GREY	SLC22A2_WT_unrelaxed_rank_001_alphafold2_ptm_model_2_seed_000
264	W	TRP	Transmembrane	55.356	94.56	GREY	SLC22A2_WT_unrelaxed_rank_001_alphafold2_ptm_model_2_seed_000
265	L	LEU	Transmembrane	3.605	94.12	CORE	SLC22A2_WT_unrelaxed_rank_001_alphafold2_ptm_model_2_seed_000
266	Q	GLN	Transmembrane	3.819	94.94	CORE	SLC22A2_WT_unrelaxed_rank_001_alphafold2_ptm_model_2_seed_000
267	F	PHE	Transmembrane	19.121	94.88	GREY	SLC22A2_WT_unrelaxed_rank_001_alphafold2_ptm_model_2_seed_000
268	T	THR	Transmembrane	33.601	94.0	GREY	SLC22A2_WT_unrelaxed_rank_001_alphafold2_ptm_model_2_seed_000
269	V	VAL	Transmembrane	16.266	92.31	GREY	SLC22A2_WT_unrelaxed_rank_001_alphafold2_ptm_model_2_seed_000
270	S	SER	Transmembrane	0.0	93.56	CORE	SLC22A2_WT_unrelaxed_rank_001_alphafold2_ptm_model_2_seed_000
271	L	LEU	Transmembrane	44.79	93.0	GREY	SLC22A2_WT_unrelaxed_rank_001_alphafold2_ptm_model_2_seed_000
272	P	PRO	Transmembrane	36.285	91.81	GREY	SLC22A2_WT_unrelaxed_rank_001_alphafold2_ptm_model_2_seed_000
273	N	ASN	Transmembrane	4.09	92.88	CORE	SLC22A2_WT_unrelaxed_rank_001_alphafold2_ptm_model_2_seed_000
274	F	PHE	Transmembrane	31.806	94.38	GREY	SLC22A2_WT_unrelaxed_rank_001_alphafold2_ptm_model_2_seed_000
275	F	PHE	Transmembrane	58.645	93.44	GREY	SLC22A2_WT_unrelaxed_rank_001_alphafold2_ptm_model_2_seed_000
276	F	PHE	Transmembrane	9.0	92.81	CORE	SLC22A2_WT_unrelaxed_rank_001_alphafold2_ptm_model_2_seed_000
277	L	LEU	Transmembrane	29.499	93.06	GREY	SLC22A2_WT_unrelaxed_rank_001_alphafold2_ptm_model_2_seed_000
278	L	LEU	Transmembrane	39.586	92.62	GREY	SLC22A2_WT_unrelaxed_rank_001_alphafold2_ptm_model_2_seed_000
279	Y	TYR	Transmembrane	9.487	91.44	CORE	SLC22A2_WT_unrelaxed_rank_001_alphafold2_ptm_model_2_seed_000
280	Y	TYR	Transmembrane	45.521	90.94	GREY	SLC22A2_WT_unrelaxed_rank_001_alphafold2_ptm_model_2_seed_000
281	W	TRP	Transmembrane	65.244	89.75	GREY	SLC22A2_WT_unrelaxed_rank_001_alphafold2_ptm_model_2_seed_000
282	C	CYS	Transmembrane	36.661	87.25	GREY	SLC22A2_WT_unrelaxed_rank_001_alphafold2_ptm_model_2_seed_000
283	I	ILE	Transmembrane	3.609	90.12	CORE	SLC22A2_WT_unrelaxed_rank_001_alphafold2_ptm_model_2_seed_000
284	P	PRO	Transmembrane	14.431	91.31	GREY	SLC22A2_WT_unrelaxed_rank_001_alphafold2_ptm_model_2_seed_000
285	E	GLU	Cytoplasmic	10.537	91.75	GREY	SLC22A2_WT_unrelaxed_rank_001_alphafold2_ptm_model_2_seed_000
286	S	SER	Cytoplasmic	0.0	87.56	CORE	SLC22A2_WT_unrelaxed_rank_001_alphafold2_ptm_model_2_seed_000
287	P	PRO	Cytoplasmic	1.519	84.12	CORE	SLC22A2_WT_unrelaxed_rank_001_alphafold2_ptm_model_2_seed_000
288	R	ARG	Cytoplasmic	25.264	81.56	GREY	SLC22A2_WT_unrelaxed_rank_001_alphafold2_ptm_model_2_seed_000
289	W	TRP	Cytoplasmic	8.898	83.5	CORE	SLC22A2_WT_unrelaxed_rank_001_alphafold2_ptm_model_2_seed_000
290	L	LEU	Cytoplasmic	1.802	82.0	CORE	SLC22A2_WT_unrelaxed_rank_001_alphafold2_ptm_model_2_seed_000
291	I	ILE	Cytoplasmic	10.076	79.62	GREY	SLC22A2_WT_unrelaxed_rank_001_alphafold2_ptm_model_2_seed_000
292	S	SER	Cytoplasmic	31.733	74.25	EXPOSED	SLC22A2_WT_unrelaxed_rank_001_alphafold2_ptm_model_2_seed_000
293	Q	GLN	Cytoplasmic	35.516	77.0	EXPOSED	SLC22A2_WT_unrelaxed_rank_001_alphafold2_ptm_model_2_seed_000
294	N	ASN	Cytoplasmic	66.956	78.75	EXPOSED	SLC22A2_WT_unrelaxed_rank_001_alphafold2_ptm_model_2_seed_000
295	K	LYS	Cytoplasmic	42.489	82.75	EXPOSED	SLC22A2_WT_unrelaxed_rank_001_alphafold2_ptm_model_2_seed_000
296	N	ASN	Cytoplasmic	36.129	81.5	EXPOSED	SLC22A2_WT_unrelaxed_rank_001_alphafold2_ptm_model_2_seed_000
297	A	ALA	Cytoplasmic	60.605	85.12	EXPOSED	SLC22A2_WT_unrelaxed_rank_001_alphafold2_ptm_model_2_seed_000
298	E	GLU	Cytoplasmic	32.291	85.81	EXPOSED	SLC22A2_WT_unrelaxed_rank_001_alphafold2_ptm_model_2_seed_000
299	A	ALA	Cytoplasmic	1.872	84.44	CORE	SLC22A2_WT_unrelaxed_rank_001_alphafold2_ptm_model_2_seed_000
300	M	MET	Cytoplasmic	16.697	84.25	GREY	SLC22A2_WT_unrelaxed_rank_001_alphafold2_ptm_model_2_seed_000
301	R	ARG	Cytoplasmic	59.281	88.5	EXPOSED	SLC22A2_WT_unrelaxed_rank_001_alphafold2_ptm_model_2_seed_000
302	I	ILE	Cytoplasmic	11.647	88.62	GREY	SLC22A2_WT_unrelaxed_rank_001_alphafold2_ptm_model_2_seed_000
303	I	ILE	Cytoplasmic	7.287	86.31	CORE	SLC22A2_WT_unrelaxed_rank_001_alphafold2_ptm_model_2_seed_000
304	K	LYS	Cytoplasmic	41.602	86.12	EXPOSED	SLC22A2_WT_unrelaxed_rank_001_alphafold2_ptm_model_2_seed_000
305	H	HIS	Cytoplasmic	46.78	88.0	EXPOSED	SLC22A2_WT_unrelaxed_rank_001_alphafold2_ptm_model_2_seed_000
306	I	ILE	Cytoplasmic	3.065	87.75	CORE	SLC22A2_WT_unrelaxed_rank_001_alphafold2_ptm_model_2_seed_000
307	A	ALA	Cytoplasmic	4.592	86.31	CORE	SLC22A2_WT_unrelaxed_rank_001_alphafold2_ptm_model_2_seed_000
308	K	LYS	Cytoplasmic	70.25	87.62	EXPOSED	SLC22A2_WT_unrelaxed_rank_001_alphafold2_ptm_model_2_seed_000
309	K	LYS	Cytoplasmic	34.847	87.69	EXPOSED	SLC22A2_WT_unrelaxed_rank_001_alphafold2_ptm_model_2_seed_000
310	N	ASN	Cytoplasmic	9.96	87.94	CORE	SLC22A2_WT_unrelaxed_rank_001_alphafold2_ptm_model_2_seed_000
311	G	GLY	Cytoplasmic	67.149	82.81	EXPOSED	SLC22A2_WT_unrelaxed_rank_001_alphafold2_ptm_model_2_seed_000
312	K	LYS	Cytoplasmic	33.88	80.56	EXPOSED	SLC22A2_WT_unrelaxed_rank_001_alphafold2_ptm_model_2_seed_000
313	S	SER	Cytoplasmic	65.875	72.5	EXPOSED	SLC22A2_WT_unrelaxed_rank_001_alphafold2_ptm_model_2_seed_000
314	L	LEU	Cytoplasmic	12.7	70.88	GREY	SLC22A2_WT_unrelaxed_rank_001_alphafold2_ptm_model_2_seed_000
315	P	PRO	Cytoplasmic	28.03	66.62	GREY	SLC22A2_WT_unrelaxed_rank_001_alphafold2_ptm_model_2_seed_000
316	A	ALA	Cytoplasmic	47.955	60.75	EXPOSED	SLC22A2_WT_unrelaxed_rank_001_alphafold2_ptm_model_2_seed_000
317	S	SER	Cytoplasmic	51.078	54.56	EXPOSED	SLC22A2_WT_unrelaxed_rank_001_alphafold2_ptm_model_2_seed_000
318	L	LEU	Cytoplasmic	3.867	58.56	CORE	SLC22A2_WT_unrelaxed_rank_001_alphafold2_ptm_model_2_seed_000
319	Q	GLN	Cytoplasmic	40.581	55.66	EXPOSED	SLC22A2_WT_unrelaxed_rank_001_alphafold2_ptm_model_2_seed_000
320	R	ARG	Cytoplasmic	76.773	48.41	EXPOSED	SLC22A2_WT_unrelaxed_rank_001_alphafold2_ptm_model_2_seed_000
321	L	LEU	Cytoplasmic	42.445	49.62	EXPOSED	SLC22A2_WT_unrelaxed_rank_001_alphafold2_ptm_model_2_seed_000
322	R	ARG	Cytoplasmic	75.755	49.31	EXPOSED	SLC22A2_WT_unrelaxed_rank_001_alphafold2_ptm_model_2_seed_000
323	L	LEU	Cytoplasmic	27.097	49.88	GREY	SLC22A2_WT_unrelaxed_rank_001_alphafold2_ptm_model_2_seed_000
324	E	GLU	Cytoplasmic	66.338	43.47	EXPOSED	SLC22A2_WT_unrelaxed_rank_001_alphafold2_ptm_model_2_seed_000
325	E	GLU	Cytoplasmic	50.756	46.44	EXPOSED	SLC22A2_WT_unrelaxed_rank_001_alphafold2_ptm_model_2_seed_000
326	E	GLU	Cytoplasmic	79.796	41.62	EXPOSED	SLC22A2_WT_unrelaxed_rank_001_alphafold2_ptm_model_2_seed_000
327	T	THR	Cytoplasmic	79.118	34.59	EXPOSED	SLC22A2_WT_unrelaxed_rank_001_alphafold2_ptm_model_2_seed_000
328	G	GLY	Cytoplasmic	46.32	38.28	EXPOSED	SLC22A2_WT_unrelaxed_rank_001_alphafold2_ptm_model_2_seed_000
329	K	LYS	Cytoplasmic	86.093	38.22	EXPOSED	SLC22A2_WT_unrelaxed_rank_001_alphafold2_ptm_model_2_seed_000
330	K	LYS	Cytoplasmic	65.395	51.0	EXPOSED	SLC22A2_WT_unrelaxed_rank_001_alphafold2_ptm_model_2_seed_000
331	L	LEU	Cytoplasmic	63.019	60.41	EXPOSED	SLC22A2_WT_unrelaxed_rank_001_alphafold2_ptm_model_2_seed_000
332	N	ASN	Cytoplasmic	66.788	67.69	EXPOSED	SLC22A2_WT_unrelaxed_rank_001_alphafold2_ptm_model_2_seed_000
333	P	PRO	Cytoplasmic	41.825	72.5	EXPOSED	SLC22A2_WT_unrelaxed_rank_001_alphafold2_ptm_model_2_seed_000
334	S	SER	Cytoplasmic	35.113	83.31	EXPOSED	SLC22A2_WT_unrelaxed_rank_001_alphafold2_ptm_model_2_seed_000
335	F	PHE	Cytoplasmic	59.091	82.56	EXPOSED	SLC22A2_WT_unrelaxed_rank_001_alphafold2_ptm_model_2_seed_000
336	L	LEU	Cytoplasmic	58.041	84.38	EXPOSED	SLC22A2_WT_unrelaxed_rank_001_alphafold2_ptm_model_2_seed_000
337	D	ASP	Cytoplasmic	18.391	81.69	GREY	SLC22A2_WT_unrelaxed_rank_001_alphafold2_ptm_model_2_seed_000
338	L	LEU	Cytoplasmic	1.202	81.38	CORE	SLC22A2_WT_unrelaxed_rank_001_alphafold2_ptm_model_2_seed_000
339	V	VAL	Cytoplasmic	40.479	88.62	EXPOSED	SLC22A2_WT_unrelaxed_rank_001_alphafold2_ptm_model_2_seed_000
340	R	ARG	Cytoplasmic	62.718	86.12	EXPOSED	SLC22A2_WT_unrelaxed_rank_001_alphafold2_ptm_model_2_seed_000
341	T	THR	Cytoplasmic	14.042	88.19	GREY	SLC22A2_WT_unrelaxed_rank_001_alphafold2_ptm_model_2_seed_000
342	P	PRO	Cytoplasmic	54.0	88.38	EXPOSED	SLC22A2_WT_unrelaxed_rank_001_alphafold2_ptm_model_2_seed_000
343	Q	GLN	Cytoplasmic	21.305	87.75	GREY	SLC22A2_WT_unrelaxed_rank_001_alphafold2_ptm_model_2_seed_000
344	I	ILE	Cytoplasmic	1.226	88.0	CORE	SLC22A2_WT_unrelaxed_rank_001_alphafold2_ptm_model_2_seed_000
345	R	ARG	Cytoplasmic	35.639	92.12	EXPOSED	SLC22A2_WT_unrelaxed_rank_001_alphafold2_ptm_model_2_seed_000
346	K	LYS	Cytoplasmic	28.983	92.06	GREY	SLC22A2_WT_unrelaxed_rank_001_alphafold2_ptm_model_2_seed_000
347	H	HIS	Cytoplasmic	1.027	91.25	CORE	SLC22A2_WT_unrelaxed_rank_001_alphafold2_ptm_model_2_seed_000
348	T	THR	Cytoplasmic	4.213	92.12	CORE	SLC22A2_WT_unrelaxed_rank_001_alphafold2_ptm_model_2_seed_000
349	M	MET	Transmembrane	47.246	94.44	GREY	SLC22A2_WT_unrelaxed_rank_001_alphafold2_ptm_model_2_seed_000
350	I	ILE	Transmembrane	6.743	95.44	CORE	SLC22A2_WT_unrelaxed_rank_001_alphafold2_ptm_model_2_seed_000
351	L	LEU	Transmembrane	0.0	94.19	CORE	SLC22A2_WT_unrelaxed_rank_001_alphafold2_ptm_model_2_seed_000
352	M	MET	Transmembrane	20.195	95.12	GREY	SLC22A2_WT_unrelaxed_rank_001_alphafold2_ptm_model_2_seed_000
353	Y	TYR	Transmembrane	22.7	96.0	GREY	SLC22A2_WT_unrelaxed_rank_001_alphafold2_ptm_model_2_seed_000
354	N	ASN	Transmembrane	0.0	95.81	CORE	SLC22A2_WT_unrelaxed_rank_001_alphafold2_ptm_model_2_seed_000
355	W	TRP	Transmembrane	6.356	94.94	CORE	SLC22A2_WT_unrelaxed_rank_001_alphafold2_ptm_model_2_seed_000
356	F	PHE	Transmembrane	18.114	95.38	GREY	SLC22A2_WT_unrelaxed_rank_001_alphafold2_ptm_model_2_seed_000
357	T	THR	Transmembrane	2.106	95.88	CORE	SLC22A2_WT_unrelaxed_rank_001_alphafold2_ptm_model_2_seed_000
358	S	SER	Transmembrane	0.0	94.88	CORE	SLC22A2_WT_unrelaxed_rank_001_alphafold2_ptm_model_2_seed_000
359	S	SER	Transmembrane	0.0	93.56	CORE	SLC22A2_WT_unrelaxed_rank_001_alphafold2_ptm_model_2_seed_000
360	V	VAL	Transmembrane	2.082	94.94	CORE	SLC22A2_WT_unrelaxed_rank_001_alphafold2_ptm_model_2_seed_000
361	L	LEU	Transmembrane	0.0	95.06	CORE	SLC22A2_WT_unrelaxed_rank_001_alphafold2_ptm_model_2_seed_000
362	Y	TYR	Transmembrane	9.843	92.62	CORE	SLC22A2_WT_unrelaxed_rank_001_alphafold2_ptm_model_2_seed_000
363	Q	GLN	Transmembrane	3.17	91.56	CORE	SLC22A2_WT_unrelaxed_rank_001_alphafold2_ptm_model_2_seed_000
364	G	GLY	Transmembrane	0.0	92.31	CORE	SLC22A2_WT_unrelaxed_rank_001_alphafold2_ptm_model_2_seed_000
365	L	LEU	Transmembrane	5.272	91.75	CORE	SLC22A2_WT_unrelaxed_rank_001_alphafold2_ptm_model_2_seed_000
366	I	ILE	Transmembrane	4.222	89.56	CORE	SLC22A2_WT_unrelaxed_rank_001_alphafold2_ptm_model_2_seed_000
367	M	MET	Transmembrane	3.652	88.88	CORE	SLC22A2_WT_unrelaxed_rank_001_alphafold2_ptm_model_2_seed_000
368	H	HIS	Transmembrane	7.578	87.69	CORE	SLC22A2_WT_unrelaxed_rank_001_alphafold2_ptm_model_2_seed_000
369	M	MET	Transmembrane	9.714	84.06	CORE	SLC22A2_WT_unrelaxed_rank_001_alphafold2_ptm_model_2_seed_000
370	G	GLY	Extracellular	12.908	76.62	GREY	SLC22A2_WT_unrelaxed_rank_001_alphafold2_ptm_model_2_seed_000
371	L	LEU	Extracellular	28.677	76.62	GREY	SLC22A2_WT_unrelaxed_rank_001_alphafold2_ptm_model_2_seed_000
372	A	ALA	Extracellular	31.59	73.19	EXPOSED	SLC22A2_WT_unrelaxed_rank_001_alphafold2_ptm_model_2_seed_000
373	G	GLY	Extracellular	20.229	68.31	GREY	SLC22A2_WT_unrelaxed_rank_001_alphafold2_ptm_model_2_seed_000
374	D	ASP	Extracellular	70.627	74.0	EXPOSED	SLC22A2_WT_unrelaxed_rank_001_alphafold2_ptm_model_2_seed_000
375	N	ASN	Extracellular	31.186	85.81	EXPOSED	SLC22A2_WT_unrelaxed_rank_001_alphafold2_ptm_model_2_seed_000
376	I	ILE	Transmembrane	21.826	87.0	GREY	SLC22A2_WT_unrelaxed_rank_001_alphafold2_ptm_model_2_seed_000
377	Y	TYR	Transmembrane	25.338	89.38	GREY	SLC22A2_WT_unrelaxed_rank_001_alphafold2_ptm_model_2_seed_000
378	L	LEU	Transmembrane	41.456	89.56	GREY	SLC22A2_WT_unrelaxed_rank_001_alphafold2_ptm_model_2_seed_000
379	D	ASP	Transmembrane	8.953	88.88	CORE	SLC22A2_WT_unrelaxed_rank_001_alphafold2_ptm_model_2_seed_000
380	F	PHE	Transmembrane	1.006	90.69	CORE	SLC22A2_WT_unrelaxed_rank_001_alphafold2_ptm_model_2_seed_000
381	F	PHE	Transmembrane	34.216	91.94	GREY	SLC22A2_WT_unrelaxed_rank_001_alphafold2_ptm_model_2_seed_000
382	Y	TYR	Transmembrane	38.795	90.31	GREY	SLC22A2_WT_unrelaxed_rank_001_alphafold2_ptm_model_2_seed_000
383	S	SER	Transmembrane	0.779	89.25	CORE	SLC22A2_WT_unrelaxed_rank_001_alphafold2_ptm_model_2_seed_000
384	A	ALA	Transmembrane	0.936	91.56	CORE	SLC22A2_WT_unrelaxed_rank_001_alphafold2_ptm_model_2_seed_000
385	L	LEU	Transmembrane	31.436	92.0	GREY	SLC22A2_WT_unrelaxed_rank_001_alphafold2_ptm_model_2_seed_000
386	V	VAL	Transmembrane	17.351	91.19	GREY	SLC22A2_WT_unrelaxed_rank_001_alphafold2_ptm_model_2_seed_000
387	E	GLU	Transmembrane	4.446	90.12	CORE	SLC22A2_WT_unrelaxed_rank_001_alphafold2_ptm_model_2_seed_000
388	F	PHE	Transmembrane	31.303	90.31	GREY	SLC22A2_WT_unrelaxed_rank_001_alphafold2_ptm_model_2_seed_000
389	P	PRO	Transmembrane	40.843	90.75	GREY	SLC22A2_WT_unrelaxed_rank_001_alphafold2_ptm_model_2_seed_000
390	A	ALA	Transmembrane	0.0	88.81	CORE	SLC22A2_WT_unrelaxed_rank_001_alphafold2_ptm_model_2_seed_000
391	A	ALA	Transmembrane	10.086	84.88	GREY	SLC22A2_WT_unrelaxed_rank_001_alphafold2_ptm_model_2_seed_000
392	F	PHE	Transmembrane	53.289	87.31	GREY	SLC22A2_WT_unrelaxed_rank_001_alphafold2_ptm_model_2_seed_000
393	M	MET	Transmembrane	39.09	87.75	GREY	SLC22A2_WT_unrelaxed_rank_001_alphafold2_ptm_model_2_seed_000
394	I	ILE	Transmembrane	3.678	84.81	CORE	SLC22A2_WT_unrelaxed_rank_001_alphafold2_ptm_model_2_seed_000
395	I	ILE	Transmembrane	35.891	83.5	GREY	SLC22A2_WT_unrelaxed_rank_001_alphafold2_ptm_model_2_seed_000
396	L	LEU	Transmembrane	35.177	86.44	GREY	SLC22A2_WT_unrelaxed_rank_001_alphafold2_ptm_model_2_seed_000
397	T	THR	Cytoplasmic	11.936	87.12	GREY	SLC22A2_WT_unrelaxed_rank_001_alphafold2_ptm_model_2_seed_000
398	I	ILE	Cytoplasmic	4.291	82.38	CORE	SLC22A2_WT_unrelaxed_rank_001_alphafold2_ptm_model_2_seed_000
399	D	ASP	Cytoplasmic	40.757	79.56	EXPOSED	SLC22A2_WT_unrelaxed_rank_001_alphafold2_ptm_model_2_seed_000
400	R	ARG	Cytoplasmic	69.912	86.0	EXPOSED	SLC22A2_WT_unrelaxed_rank_001_alphafold2_ptm_model_2_seed_000
401	I	ILE	Cytoplasmic	49.092	88.06	EXPOSED	SLC22A2_WT_unrelaxed_rank_001_alphafold2_ptm_model_2_seed_000
402	G	GLY	Cytoplasmic	0.0	86.94	CORE	SLC22A2_WT_unrelaxed_rank_001_alphafold2_ptm_model_2_seed_000
403	R	ARG	Cytoplasmic	12.015	88.12	GREY	SLC22A2_WT_unrelaxed_rank_001_alphafold2_ptm_model_2_seed_000
404	R	ARG	Cytoplasmic	23.881	91.56	GREY	SLC22A2_WT_unrelaxed_rank_001_alphafold2_ptm_model_2_seed_000
405	Y	TYR	Cytoplasmic	48.483	93.12	EXPOSED	SLC22A2_WT_unrelaxed_rank_001_alphafold2_ptm_model_2_seed_000
406	P	PRO	Cytoplasmic	8.197	93.56	CORE	SLC22A2_WT_unrelaxed_rank_001_alphafold2_ptm_model_2_seed_000
407	W	TRP	Cytoplasmic	1.271	94.38	CORE	SLC22A2_WT_unrelaxed_rank_001_alphafold2_ptm_model_2_seed_000
408	A	ALA	Cytoplasmic	2.808	95.81	CORE	SLC22A2_WT_unrelaxed_rank_001_alphafold2_ptm_model_2_seed_000
409	A	ALA	Cytoplasmic	39.972	95.75	EXPOSED	SLC22A2_WT_unrelaxed_rank_001_alphafold2_ptm_model_2_seed_000
410	S	SER	Cytoplasmic	3.632	95.56	CORE	SLC22A2_WT_unrelaxed_rank_001_alphafold2_ptm_model_2_seed_000
411	N	ASN	Cytoplasmic	0.549	96.0	CORE	SLC22A2_WT_unrelaxed_rank_001_alphafold2_ptm_model_2_seed_000
412	M	MET	Cytoplasmic	42.672	96.44	EXPOSED	SLC22A2_WT_unrelaxed_rank_001_alphafold2_ptm_model_2_seed_000
413	V	VAL	Cytoplasmic	33.236	96.0	EXPOSED	SLC22A2_WT_unrelaxed_rank_001_alphafold2_ptm_model_2_seed_000
414	A	ALA	Cytoplasmic	0.0	96.06	CORE	SLC22A2_WT_unrelaxed_rank_001_alphafold2_ptm_model_2_seed_000
415	G	GLY	Transmembrane	0.0	96.12	CORE	SLC22A2_WT_unrelaxed_rank_001_alphafold2_ptm_model_2_seed_000
416	A	ALA	Transmembrane	37.854	96.31	GREY	SLC22A2_WT_unrelaxed_rank_001_alphafold2_ptm_model_2_seed_000
417	A	ALA	Transmembrane	5.528	95.38	CORE	SLC22A2_WT_unrelaxed_rank_001_alphafold2_ptm_model_2_seed_000
418	C	CYS	Transmembrane	2.264	94.12	CORE	SLC22A2_WT_unrelaxed_rank_001_alphafold2_ptm_model_2_seed_000
419	L	LEU	Transmembrane	24.032	94.44	GREY	SLC22A2_WT_unrelaxed_rank_001_alphafold2_ptm_model_2_seed_000
420	A	ALA	Transmembrane	30.576	93.25	GREY	SLC22A2_WT_unrelaxed_rank_001_alphafold2_ptm_model_2_seed_000
421	S	SER	Transmembrane	5.882	89.38	CORE	SLC22A2_WT_unrelaxed_rank_001_alphafold2_ptm_model_2_seed_000
422	V	VAL	Transmembrane	13.323	90.81	GREY	SLC22A2_WT_unrelaxed_rank_001_alphafold2_ptm_model_2_seed_000
423	F	PHE	Transmembrane	69.976	88.5	GREY	SLC22A2_WT_unrelaxed_rank_001_alphafold2_ptm_model_2_seed_000
424	I	ILE	Transmembrane	13.002	87.69	GREY	SLC22A2_WT_unrelaxed_rank_001_alphafold2_ptm_model_2_seed_000
425	P	PRO	Transmembrane	44.052	81.88	GREY	SLC22A2_WT_unrelaxed_rank_001_alphafold2_ptm_model_2_seed_000
426	G	GLY	Transmembrane	38.366	73.06	GREY	SLC22A2_WT_unrelaxed_rank_001_alphafold2_ptm_model_2_seed_000
427	D	ASP	Transmembrane	74.208	78.44	GREY	SLC22A2_WT_unrelaxed_rank_001_alphafold2_ptm_model_2_seed_000
428	L	LEU	Transmembrane	35.448	85.69	GREY	SLC22A2_WT_unrelaxed_rank_001_alphafold2_ptm_model_2_seed_000
429	Q	GLN	Transmembrane	26.778	80.38	GREY	SLC22A2_WT_unrelaxed_rank_001_alphafold2_ptm_model_2_seed_000
430	W	TRP	Transmembrane	52.814	84.81	GREY	SLC22A2_WT_unrelaxed_rank_001_alphafold2_ptm_model_2_seed_000
431	L	LEU	Transmembrane	27.036	88.75	GREY	SLC22A2_WT_unrelaxed_rank_001_alphafold2_ptm_model_2_seed_000
432	K	LYS	Transmembrane	20.584	86.0	GREY	SLC22A2_WT_unrelaxed_rank_001_alphafold2_ptm_model_2_seed_000
433	I	ILE	Transmembrane	27.585	86.0	GREY	SLC22A2_WT_unrelaxed_rank_001_alphafold2_ptm_model_2_seed_000
434	I	ILE	Transmembrane	48.22	89.81	GREY	SLC22A2_WT_unrelaxed_rank_001_alphafold2_ptm_model_2_seed_000
435	I	ILE	Transmembrane	15.325	91.75	GREY	SLC22A2_WT_unrelaxed_rank_001_alphafold2_ptm_model_2_seed_000
436	S	SER	Extracellular	18.424	88.62	GREY	SLC22A2_WT_unrelaxed_rank_001_alphafold2_ptm_model_2_seed_000
437	C	CYS	Extracellular	8.144	91.25	CORE	SLC22A2_WT_unrelaxed_rank_001_alphafold2_ptm_model_2_seed_000
438	L	LEU	Extracellular	38.996	93.5	EXPOSED	SLC22A2_WT_unrelaxed_rank_001_alphafold2_ptm_model_2_seed_000
439	G	GLY	Extracellular	1.161	93.31	CORE	SLC22A2_WT_unrelaxed_rank_001_alphafold2_ptm_model_2_seed_000
440	R	ARG	Extracellular	1.763	91.69	CORE	SLC22A2_WT_unrelaxed_rank_001_alphafold2_ptm_model_2_seed_000
441	M	MET	Extracellular	20.301	93.31	GREY	SLC22A2_WT_unrelaxed_rank_001_alphafold2_ptm_model_2_seed_000
442	G	GLY	Transmembrane	4.645	94.5	CORE	SLC22A2_WT_unrelaxed_rank_001_alphafold2_ptm_model_2_seed_000
443	I	ILE	Transmembrane	0.0	95.0	CORE	SLC22A2_WT_unrelaxed_rank_001_alphafold2_ptm_model_2_seed_000
444	T	THR	Transmembrane	7.021	91.44	CORE	SLC22A2_WT_unrelaxed_rank_001_alphafold2_ptm_model_2_seed_000
445	M	MET	Transmembrane	8.944	92.0	CORE	SLC22A2_WT_unrelaxed_rank_001_alphafold2_ptm_model_2_seed_000
446	A	ALA	Transmembrane	0.0	93.69	CORE	SLC22A2_WT_unrelaxed_rank_001_alphafold2_ptm_model_2_seed_000
447	Y	TYR	Transmembrane	21.316	89.56	GREY	SLC22A2_WT_unrelaxed_rank_001_alphafold2_ptm_model_2_seed_000
448	E	GLU	Transmembrane	25.367	86.56	GREY	SLC22A2_WT_unrelaxed_rank_001_alphafold2_ptm_model_2_seed_000
449	I	ILE	Transmembrane	0.0	89.06	CORE	SLC22A2_WT_unrelaxed_rank_001_alphafold2_ptm_model_2_seed_000
450	V	VAL	Transmembrane	0.0	91.38	CORE	SLC22A2_WT_unrelaxed_rank_001_alphafold2_ptm_model_2_seed_000
451	C	CYS	Transmembrane	35.322	84.31	GREY	SLC22A2_WT_unrelaxed_rank_001_alphafold2_ptm_model_2_seed_000
452	L	LEU	Transmembrane	28.647	83.38	GREY	SLC22A2_WT_unrelaxed_rank_001_alphafold2_ptm_model_2_seed_000
453	V	VAL	Transmembrane	2.776	87.56	CORE	SLC22A2_WT_unrelaxed_rank_001_alphafold2_ptm_model_2_seed_000
454	N	ASN	Transmembrane	0.561	87.88	CORE	SLC22A2_WT_unrelaxed_rank_001_alphafold2_ptm_model_2_seed_000
455	A	ALA	Transmembrane	28.915	81.81	GREY	SLC22A2_WT_unrelaxed_rank_001_alphafold2_ptm_model_2_seed_000
456	E	GLU	Transmembrane	18.93	84.88	GREY	SLC22A2_WT_unrelaxed_rank_001_alphafold2_ptm_model_2_seed_000
457	L	LEU	Transmembrane	1.134	85.5	CORE	SLC22A2_WT_unrelaxed_rank_001_alphafold2_ptm_model_2_seed_000
458	Y	TYR	Transmembrane	1.378	82.81	CORE	SLC22A2_WT_unrelaxed_rank_001_alphafold2_ptm_model_2_seed_000
459	P	PRO	Transmembrane	0.76	82.12	CORE	SLC22A2_WT_unrelaxed_rank_001_alphafold2_ptm_model_2_seed_000
460	T	THR	Transmembrane	38.426	75.56	GREY	SLC22A2_WT_unrelaxed_rank_001_alphafold2_ptm_model_2_seed_000
461	F	PHE	Transmembrane	23.358	74.88	GREY	SLC22A2_WT_unrelaxed_rank_001_alphafold2_ptm_model_2_seed_000
462	I	ILE	Transmembrane	0.0	80.06	CORE	SLC22A2_WT_unrelaxed_rank_001_alphafold2_ptm_model_2_seed_000
463	R	ARG	Cytoplasmic	15.392	80.19	GREY	SLC22A2_WT_unrelaxed_rank_001_alphafold2_ptm_model_2_seed_000
464	N	ASN	Cytoplasmic	57.507	75.69	EXPOSED	SLC22A2_WT_unrelaxed_rank_001_alphafold2_ptm_model_2_seed_000
465	L	LEU	Transmembrane	19.657	80.19	GREY	SLC22A2_WT_unrelaxed_rank_001_alphafold2_ptm_model_2_seed_000
466	G	GLY	Transmembrane	0.0	82.94	CORE	SLC22A2_WT_unrelaxed_rank_001_alphafold2_ptm_model_2_seed_000
467	V	VAL	Transmembrane	21.515	84.31	GREY	SLC22A2_WT_unrelaxed_rank_001_alphafold2_ptm_model_2_seed_000
468	H	HIS	Transmembrane	44.318	81.88	GREY	SLC22A2_WT_unrelaxed_rank_001_alphafold2_ptm_model_2_seed_000
469	I	ILE	Transmembrane	20.773	86.06	GREY	SLC22A2_WT_unrelaxed_rank_001_alphafold2_ptm_model_2_seed_000
470	C	CYS	Transmembrane	0.0	87.12	CORE	SLC22A2_WT_unrelaxed_rank_001_alphafold2_ptm_model_2_seed_000
471	S	SER	Transmembrane	19.543	84.0	GREY	SLC22A2_WT_unrelaxed_rank_001_alphafold2_ptm_model_2_seed_000
472	S	SER	Transmembrane	10.984	87.88	GREY	SLC22A2_WT_unrelaxed_rank_001_alphafold2_ptm_model_2_seed_000
473	M	MET	Transmembrane	20.407	91.44	GREY	SLC22A2_WT_unrelaxed_rank_001_alphafold2_ptm_model_2_seed_000
474	C	CYS	Transmembrane	6.677	91.38	CORE	SLC22A2_WT_unrelaxed_rank_001_alphafold2_ptm_model_2_seed_000
475	D	ASP	Transmembrane	6.248	90.25	CORE	SLC22A2_WT_unrelaxed_rank_001_alphafold2_ptm_model_2_seed_000
476	I	ILE	Transmembrane	30.037	92.38	GREY	SLC22A2_WT_unrelaxed_rank_001_alphafold2_ptm_model_2_seed_000
477	G	GLY	Transmembrane	0.0	93.62	CORE	SLC22A2_WT_unrelaxed_rank_001_alphafold2_ptm_model_2_seed_000
478	G	GLY	Transmembrane	1.161	91.81	CORE	SLC22A2_WT_unrelaxed_rank_001_alphafold2_ptm_model_2_seed_000
479	I	ILE	Transmembrane	22.068	94.38	GREY	SLC22A2_WT_unrelaxed_rank_001_alphafold2_ptm_model_2_seed_000
480	I	ILE	Transmembrane	40.459	94.12	GREY	SLC22A2_WT_unrelaxed_rank_001_alphafold2_ptm_model_2_seed_000
481	T	THR	Transmembrane	0.0	93.81	CORE	SLC22A2_WT_unrelaxed_rank_001_alphafold2_ptm_model_2_seed_000
482	P	PRO	Transmembrane	0.0	91.06	CORE	SLC22A2_WT_unrelaxed_rank_001_alphafold2_ptm_model_2_seed_000
483	F	PHE	Transmembrane	29.517	90.88	GREY	SLC22A2_WT_unrelaxed_rank_001_alphafold2_ptm_model_2_seed_000
484	L	LEU	Transmembrane	16.165	91.0	GREY	SLC22A2_WT_unrelaxed_rank_001_alphafold2_ptm_model_2_seed_000
485	V	VAL	Transmembrane	0.0	89.81	CORE	SLC22A2_WT_unrelaxed_rank_001_alphafold2_ptm_model_2_seed_000
486	Y	TYR	Extracellular	11.88	82.62	GREY	SLC22A2_WT_unrelaxed_rank_001_alphafold2_ptm_model_2_seed_000
487	R	ARG	Extracellular	34.476	84.31	EXPOSED	SLC22A2_WT_unrelaxed_rank_001_alphafold2_ptm_model_2_seed_000
488	L	LEU	Extracellular	16.222	86.56	GREY	SLC22A2_WT_unrelaxed_rank_001_alphafold2_ptm_model_2_seed_000
489	T	THR	Extracellular	15.198	83.31	GREY	SLC22A2_WT_unrelaxed_rank_001_alphafold2_ptm_model_2_seed_000
490	N	ASN	Extracellular	46.461	77.19	EXPOSED	SLC22A2_WT_unrelaxed_rank_001_alphafold2_ptm_model_2_seed_000
491	I	ILE	Extracellular	70.261	83.19	EXPOSED	SLC22A2_WT_unrelaxed_rank_001_alphafold2_ptm_model_2_seed_000
492	W	TRP	Extracellular	36.528	83.44	EXPOSED	SLC22A2_WT_unrelaxed_rank_001_alphafold2_ptm_model_2_seed_000
493	L	LEU	Extracellular	35.822	82.5	EXPOSED	SLC22A2_WT_unrelaxed_rank_001_alphafold2_ptm_model_2_seed_000
494	E	GLU	Extracellular	12.203	87.62	GREY	SLC22A2_WT_unrelaxed_rank_001_alphafold2_ptm_model_2_seed_000
495	L	LEU	Transmembrane	20.428	89.75	GREY	SLC22A2_WT_unrelaxed_rank_001_alphafold2_ptm_model_2_seed_000
496	P	PRO	Transmembrane	0.0	92.38	CORE	SLC22A2_WT_unrelaxed_rank_001_alphafold2_ptm_model_2_seed_000
497	L	LEU	Transmembrane	4.806	92.06	CORE	SLC22A2_WT_unrelaxed_rank_001_alphafold2_ptm_model_2_seed_000
498	M	MET	Transmembrane	30.279	93.88	GREY	SLC22A2_WT_unrelaxed_rank_001_alphafold2_ptm_model_2_seed_000
499	V	VAL	Transmembrane	27.068	94.62	GREY	SLC22A2_WT_unrelaxed_rank_001_alphafold2_ptm_model_2_seed_000
500	F	PHE	Transmembrane	0.0	94.94	CORE	SLC22A2_WT_unrelaxed_rank_001_alphafold2_ptm_model_2_seed_000
501	G	GLY	Transmembrane	0.0	95.31	CORE	SLC22A2_WT_unrelaxed_rank_001_alphafold2_ptm_model_2_seed_000
502	V	VAL	Transmembrane	49.971	96.19	GREY	SLC22A2_WT_unrelaxed_rank_001_alphafold2_ptm_model_2_seed_000
503	L	LEU	Transmembrane	19.827	96.19	GREY	SLC22A2_WT_unrelaxed_rank_001_alphafold2_ptm_model_2_seed_000
504	G	GLY	Transmembrane	0.0	95.88	CORE	SLC22A2_WT_unrelaxed_rank_001_alphafold2_ptm_model_2_seed_000
505	L	LEU	Transmembrane	36.505	97.0	GREY	SLC22A2_WT_unrelaxed_rank_001_alphafold2_ptm_model_2_seed_000
506	V	VAL	Transmembrane	36.706	97.38	GREY	SLC22A2_WT_unrelaxed_rank_001_alphafold2_ptm_model_2_seed_000
507	A	ALA	Transmembrane	0.0	96.44	CORE	SLC22A2_WT_unrelaxed_rank_001_alphafold2_ptm_model_2_seed_000
508	G	GLY	Transmembrane	0.0	95.88	CORE	SLC22A2_WT_unrelaxed_rank_001_alphafold2_ptm_model_2_seed_000
509	G	GLY	Transmembrane	36.11	96.0	GREY	SLC22A2_WT_unrelaxed_rank_001_alphafold2_ptm_model_2_seed_000
510	L	LEU	Transmembrane	24.633	95.75	GREY	SLC22A2_WT_unrelaxed_rank_001_alphafold2_ptm_model_2_seed_000
511	V	VAL	Transmembrane	0.0	94.75	CORE	SLC22A2_WT_unrelaxed_rank_001_alphafold2_ptm_model_2_seed_000
512	L	LEU	Transmembrane	32.909	93.31	GREY	SLC22A2_WT_unrelaxed_rank_001_alphafold2_ptm_model_2_seed_000
513	L	LEU	Transmembrane	41.786	92.25	GREY	SLC22A2_WT_unrelaxed_rank_001_alphafold2_ptm_model_2_seed_000
514	L	LEU	Transmembrane	2.869	90.56	CORE	SLC22A2_WT_unrelaxed_rank_001_alphafold2_ptm_model_2_seed_000
515	P	PRO	Transmembrane	5.734	88.5	CORE	SLC22A2_WT_unrelaxed_rank_001_alphafold2_ptm_model_2_seed_000
516	E	GLU	Cytoplasmic	22.776	87.69	GREY	SLC22A2_WT_unrelaxed_rank_001_alphafold2_ptm_model_2_seed_000
517	T	THR	Cytoplasmic	7.884	83.25	CORE	SLC22A2_WT_unrelaxed_rank_001_alphafold2_ptm_model_2_seed_000
518	K	LYS	Cytoplasmic	33.09	80.31	EXPOSED	SLC22A2_WT_unrelaxed_rank_001_alphafold2_ptm_model_2_seed_000
519	G	GLY	Cytoplasmic	82.245	69.25	EXPOSED	SLC22A2_WT_unrelaxed_rank_001_alphafold2_ptm_model_2_seed_000
520	K	LYS	Cytoplasmic	42.061	74.0	EXPOSED	SLC22A2_WT_unrelaxed_rank_001_alphafold2_ptm_model_2_seed_000
521	A	ALA	Cytoplasmic	70.64	70.5	EXPOSED	SLC22A2_WT_unrelaxed_rank_001_alphafold2_ptm_model_2_seed_000
522	L	LEU	Cytoplasmic	42.977	76.69	EXPOSED	SLC22A2_WT_unrelaxed_rank_001_alphafold2_ptm_model_2_seed_000
523	P	PRO	Cytoplasmic	1.519	75.12	CORE	SLC22A2_WT_unrelaxed_rank_001_alphafold2_ptm_model_2_seed_000
524	E	GLU	Cytoplasmic	56.171	74.25	EXPOSED	SLC22A2_WT_unrelaxed_rank_001_alphafold2_ptm_model_2_seed_000
525	T	THR	Cytoplasmic	36.895	80.0	EXPOSED	SLC22A2_WT_unrelaxed_rank_001_alphafold2_ptm_model_2_seed_000
526	I	ILE	Cytoplasmic	25.018	79.38	GREY	SLC22A2_WT_unrelaxed_rank_001_alphafold2_ptm_model_2_seed_000
527	E	GLU	Cytoplasmic	59.069	78.0	EXPOSED	SLC22A2_WT_unrelaxed_rank_001_alphafold2_ptm_model_2_seed_000
528	E	GLU	Cytoplasmic	41.17	76.88	EXPOSED	SLC22A2_WT_unrelaxed_rank_001_alphafold2_ptm_model_2_seed_000
529	A	ALA	Cytoplasmic	0.831	78.12	CORE	SLC22A2_WT_unrelaxed_rank_001_alphafold2_ptm_model_2_seed_000
530	E	GLU	Cytoplasmic	23.726	81.12	GREY	SLC22A2_WT_unrelaxed_rank_001_alphafold2_ptm_model_2_seed_000
531	N	ASN	Cytoplasmic	43.378	79.81	EXPOSED	SLC22A2_WT_unrelaxed_rank_001_alphafold2_ptm_model_2_seed_000
532	M	MET	Cytoplasmic	11.316	72.12	GREY	SLC22A2_WT_unrelaxed_rank_001_alphafold2_ptm_model_2_seed_000
533	Q	GLN	Cytoplasmic	37.026	66.12	EXPOSED	SLC22A2_WT_unrelaxed_rank_001_alphafold2_ptm_model_2_seed_000
534	R	ARG	Cytoplasmic	64.853	60.47	EXPOSED	SLC22A2_WT_unrelaxed_rank_001_alphafold2_ptm_model_2_seed_000
535	P	PRO	Cytoplasmic	72.43	49.88	EXPOSED	SLC22A2_WT_unrelaxed_rank_001_alphafold2_ptm_model_2_seed_000
536	R	ARG	Cytoplasmic	82.792	46.03	EXPOSED	SLC22A2_WT_unrelaxed_rank_001_alphafold2_ptm_model_2_seed_000
537	K	LYS	Cytoplasmic	74.446	41.84	EXPOSED	SLC22A2_WT_unrelaxed_rank_001_alphafold2_ptm_model_2_seed_000
538	N	ASN	Cytoplasmic	82.006	35.16	EXPOSED	SLC22A2_WT_unrelaxed_rank_001_alphafold2_ptm_model_2_seed_000
539	K	LYS	Cytoplasmic	77.377	41.03	EXPOSED	SLC22A2_WT_unrelaxed_rank_001_alphafold2_ptm_model_2_seed_000
540	E	GLU	Cytoplasmic	70.873	39.34	EXPOSED	SLC22A2_WT_unrelaxed_rank_001_alphafold2_ptm_model_2_seed_000
541	K	LYS	Cytoplasmic	86.993	36.44	EXPOSED	SLC22A2_WT_unrelaxed_rank_001_alphafold2_ptm_model_2_seed_000
542	M	MET	Cytoplasmic	63.908	38.62	EXPOSED	SLC22A2_WT_unrelaxed_rank_001_alphafold2_ptm_model_2_seed_000
543	I	ILE	Cytoplasmic	71.508	39.22	EXPOSED	SLC22A2_WT_unrelaxed_rank_001_alphafold2_ptm_model_2_seed_000
544	Y	TYR	Cytoplasmic	71.003	40.22	EXPOSED	SLC22A2_WT_unrelaxed_rank_001_alphafold2_ptm_model_2_seed_000
545	L	LEU	Cytoplasmic	69.757	33.94	EXPOSED	SLC22A2_WT_unrelaxed_rank_001_alphafold2_ptm_model_2_seed_000
546	Q	GLN	Cytoplasmic	81.787	36.41	EXPOSED	SLC22A2_WT_unrelaxed_rank_001_alphafold2_ptm_model_2_seed_000
547	V	VAL	Cytoplasmic	70.04	37.38	EXPOSED	SLC22A2_WT_unrelaxed_rank_001_alphafold2_ptm_model_2_seed_000
548	Q	GLN	Cytoplasmic	76.986	34.5	EXPOSED	SLC22A2_WT_unrelaxed_rank_001_alphafold2_ptm_model_2_seed_000
549	K	LYS	Cytoplasmic	72.075	36.91	EXPOSED	SLC22A2_WT_unrelaxed_rank_001_alphafold2_ptm_model_2_seed_000
550	L	LEU	Cytoplasmic	76.047	37.03	EXPOSED	SLC22A2_WT_unrelaxed_rank_001_alphafold2_ptm_model_2_seed_000
551	D	ASP	Cytoplasmic	72.363	41.62	EXPOSED	SLC22A2_WT_unrelaxed_rank_001_alphafold2_ptm_model_2_seed_000
552	I	ILE	Cytoplasmic	67.772	44.69	EXPOSED	SLC22A2_WT_unrelaxed_rank_001_alphafold2_ptm_model_2_seed_000
553	P	PRO	Cytoplasmic	68.69	43.22	EXPOSED	SLC22A2_WT_unrelaxed_rank_001_alphafold2_ptm_model_2_seed_000
554	L	LEU	Cytoplasmic	88.994	48.06	EXPOSED	SLC22A2_WT_unrelaxed_rank_001_alphafold2_ptm_model_2_seed_000
555	N	ASN	Cytoplasmic	102.224	42.06	EXPOSED	SLC22A2_WT_unrelaxed_rank_001_alphafold2_ptm_model_2_seed_000
