pos	class	gfp_median
2	GREY	-0.4033123838248298
3	EXPOSED	-0.3435576024916891
4	GREY	-1.3560824985493327
5	GREY	-2.6346357625442245
6	EXPOSED	-0.36499967996011007
7	CORE	-0.5443738565969845
8	CORE	-1.965554554582956
9	EXPOSED	-0.4651646601521128
10	EXPOSED	-0.0549375904645723
11	CORE	-1.182167904174626
12	GREY	-0.8393067483496623
13	GREY	-0.8518153280852373
14	EXPOSED	0.43323148992405436
15	GREY	-0.9062468617847486
16	EXPOSED	0.5095504759646402
17	CORE	0.4066923615086868
18	CORE	-0.91779921881977
19	EXPOSED	-0.3576328912084322
20	EXPOSED	-0.6206554253673027
21	CORE	0.3433198220626855
22	GREY	0.5286737606890889
23	GREY	-0.047540886944917454
24	GREY	0.2475157015709113
25	CORE	-1.161846599010737
26	GREY	-1.192075377435413
27	GREY	-0.2761397926845527
28	CORE	-0.09656737726024996
29	CORE	-2.7983112130295096
30	GREY	-0.418077013462781
31	GREY	-0.85366985234465
32	GREY	-0.9648310030177579
33	CORE	-2.821770472626873
34	GREY	-1.6964329531416822
35	CORE	-2.232264106120404
36	GREY	0.404140749138978
37	CORE	-1.5055644738749354
38	CORE	-1.9984707500715209
39	CORE	-1.158190453067408
40	CORE	-0.9438247875998536
41	CORE	-2.7773524100691613
42	CORE	-2.138973237405331
43	GREY	-3.181570851671353
44	GREY	0.0207208622063311
45	EXPOSED	-1.1445384941682686
46	CORE	-2.9741176558294264
47	EXPOSED	0.1459870620041257
48	CORE	-3.050748201614133
49	GREY	-2.044827299816544
50	CORE	-3.3198855741941826
51	EXPOSED	0.4256516579108264
52	GREY	-0.091072496642186
53	EXPOSED	-0.2098867773254904
54	GREY	-0.5168233192340025
55	CORE	-1.4769325811306846
56	EXPOSED	0.2839202722170786
57	EXPOSED	0.1592219274476798
58	CORE	-1.8551714328137032
59	CORE	-0.9713493727740852
60	EXPOSED	0.1215426599915067
62	GREY	-3.0241134548364266
63	EXPOSED	-0.2949646649874372
64	GREY	-3.374553613378514
65	EXPOSED	-0.5573518240532669
66	EXPOSED	0.3043730789376044
67	EXPOSED	0.2140684539703198
68	EXPOSED	-0.8652332041734837
69	GREY	0.0131592867404478
70	EXPOSED	0.0852553212244581
71	EXPOSED	-0.6167449740102646
72	GREY	-1.5689663861934602
73	CORE	-2.6803109372283886
74	GREY	-0.5708535861687565
75	GREY	-2.373636304543977
76	EXPOSED	0.2992406831158215
77	EXPOSED	0.557572317027865
78	GREY	0.1549538722991155
79	EXPOSED	0.5792152187701688
80	EXPOSED	0.4536619827574029
81	EXPOSED	0.4570231742929184
82	EXPOSED	0.2379596662205984
83	GREY	0.3647574957732525
84	EXPOSED	0.3543732130945164
85	EXPOSED	0.3412920860402903
86	CORE	0.3200139081356727
87	GREY	-0.4412839471309414
89	EXPOSED	0.3493403799739875
90	CORE	-1.8528833555952355
91	GREY	-2.7382811465194035
92	EXPOSED	-0.3567630861577379
93	CORE	-2.8150993594320646
94	EXPOSED	-0.2751887922768399
95	CORE	-3.06949066546368
96	EXPOSED	-1.2359103589108564
97	EXPOSED	0.0075026069194384
98	EXPOSED	-1.2521629773731164
99	EXPOSED	0.4387366460992865
100	CORE	-0.2572119309914867
101	EXPOSED	-0.1731652357980559
102	EXPOSED	-3.1279998694588222
103	EXPOSED	-0.1130931482469277
104	GREY	-1.8713063757801027
105	CORE	-2.6708866366839104
106	CORE	-2.05589678304326
107	EXPOSED	0.0931161087961285
108	EXPOSED	0.398092584666052
109	EXPOSED	-0.3805793850915822
110	GREY	0.2973539649412453
111	EXPOSED	0.4537392693746594
112	EXPOSED	-0.5109986960318782
113	EXPOSED	0.3552393090798779
114	EXPOSED	-0.8356885694254507
115	EXPOSED	0.3395390885888678
116	GREY	-1.6165568051760033
117	EXPOSED	0.0465845513379234
118	EXPOSED	-1.188049653783135
119	CORE	-0.0963066467623881
120	EXPOSED	0.0700233169124105
121	GREY	-3.047239510863624
122	EXPOSED	0.6623175994838689
123	EXPOSED	-0.5413584862768944
124	GREY	-2.113912359777004
125	GREY	-3.053885629586418
126	GREY	-0.1843612442892428
127	GREY	-2.810307093485906
128	EXPOSED	0.1423707663960859
129	GREY	-0.2870038658703845
130	EXPOSED	0.4730507258127867
131	GREY	-0.4294667492320133
132	GREY	-0.5641721819600352
133	CORE	-3.070315509148619
134	CORE	-2.84140284405685
135	CORE	-3.2886821151197725
136	GREY	-2.9204675050337965
137	EXPOSED	-2.23035217906252
138	GREY	-2.923805637762219
139	EXPOSED	-2.6852841063380195
140	CORE	-3.0151686794279997
141	CORE	-2.9835240140365347
142	GREY	-3.1958767188426163
143	EXPOSED	0.0117895412274379
144	GREY	-1.678510221259982
145	GREY	-0.550209387980741
146	EXPOSED	-2.212297065142973
147	GREY	-1.9497550477933148
148	GREY	-1.4125212347069631
149	CORE	0.168911896862191
150	GREY	-1.7079649298485147
151	CORE	-0.5821170974766593
152	CORE	-1.4693719180294584
153	CORE	-0.37110882630631603
154	GREY	-0.8220634612582638
155	CORE	-1.2596821279933332
156	CORE	0.0645732438400763
157	GREY	-0.39825113935353873
158	CORE	-2.568516476052416
159	CORE	-1.1361814487284223
160	GREY	-2.528118600266521
161	GREY	-1.5637658767087725
162	CORE	-3.037193116035584
163	CORE	-1.6649886432634464
164	GREY	-1.1775627136589761
165	GREY	-0.3162352764341404
166	GREY	-0.8174190995591419
167	GREY	-2.288841053083197
168	GREY	-2.5008760767074723
169	GREY	-0.8072034460987283
170	CORE	-1.9251632095445168
171	EXPOSED	-3.287964300593179
172	EXPOSED	-1.2036906522773894
173	EXPOSED	-1.6682834506556006
174	CORE	-3.306248105946085
175	GREY	-2.4221335051622344
176	GREY	-3.158971709484096
177	GREY	0.3077041238086447
178	CORE	-0.943332780184396
179	CORE	-2.226581679868402
180	GREY	-0.4892992545357226
181	GREY	0.1330157801357715
182	CORE	-2.205555381746975
183	CORE	-0.5695889019510973
184	GREY	-0.09277850198529736
185	GREY	-0.6010255054365594
186	CORE	-0.906041405724063
187	CORE	-0.5145526497383651
188	GREY	-0.4863916275403667
189	CORE	-0.6675083245382846
190	CORE	-1.4453244768391191
191	GREY	-1.1178957399736387
192	GREY	-1.0265480640306066
193	CORE	-0.9366438056603754
194	CORE	-2.0652267641636874
195	GREY	-1.0035541224394042
196	CORE	-1.675351408100118
197	GREY	-0.2411536328641414
198	EXPOSED	-1.9154980319524886
199	CORE	-2.583919366659185
200	EXPOSED	0.2720941426476583
201	GREY	-0.0139495090863988
202	CORE	-1.8999410742959468
203	CORE	-2.534442256372902
204	EXPOSED	-0.8249264617693585
205	GREY	-1.3305051311531717
206	CORE	-1.7835967621137385
207	GREY	-0.12360022493124051
208	GREY	-1.5056068004519791
209	CORE	-2.694133147283428
210	CORE	-1.8628070209355152
211	GREY	-0.1934152869984746
212	CORE	-2.1370363074690513
213	CORE	-2.560573439892542
214	GREY	-3.2206940084268223
215	CORE	-1.5957009255915768
216	CORE	0.510159518147375
217	GREY	-1.366480134825273
218	GREY	-0.8294030636701766
219	CORE	-1.3620700918641875
220	CORE	-2.824211933117285
221	GREY	-1.4776025439152072
222	GREY	-1.356804503430953
223	CORE	-1.6426233967139217
224	CORE	-1.9881490666144352
225	GREY	-0.3674300264882194
226	GREY	-3.5114115200944718
227	CORE	-0.217166963879507
228	CORE	-1.2403767584574283
229	CORE	0.1048583040370416
230	EXPOSED	0.3276278410813657
231	EXPOSED	0.0670286845141728
232	GREY	0.4868135048232355
233	GREY	-1.7440679803266363
234	EXPOSED	0.10500013980787651
235	EXPOSED	0.36385691198903913
236	GREY	-1.21448971807963
237	CORE	-0.6757582945198454
238	CORE	-0.2794670166820316
239	GREY	-0.4657389891909459
240	CORE	-2.05990839630087
241	GREY	-0.3776072981918076
242	CORE	-0.5720541964800783
243	GREY	-1.3027607488576491
244	CORE	-0.1871373716484079
245	CORE	-0.5025669316789625
246	GREY	-0.1010433491931643
247	CORE	-2.311512571503421
248	CORE	-0.0717277006140729
249	GREY	-1.6804936403260733
250	GREY	-0.2945734961310277
251	CORE	-1.0108878659535705
252	CORE	-0.3013167029230246
253	GREY	-0.6527151711248951
254	GREY	-1.2075656927313458
255	CORE	-2.482011295220115
256	GREY	-0.8075164142767939
257	EXPOSED	-0.2496104319276567
258	GREY	-1.5134852977162367
259	EXPOSED	-0.9008719037779382
260	EXPOSED	-0.3989852283713362
261	CORE	-3.179696503108953
262	GREY	-2.8262821616247806
263	GREY	0.1266435760137658
264	CORE	-1.860660028849578
265	CORE	-1.821933492312743
266	GREY	-1.069837751389248
267	GREY	-0.821915833845624
268	GREY	-0.0262436308477757
269	CORE	-0.8979842253200769
270	GREY	-0.1969692647986423
271	GREY	-2.03147086370492
272	CORE	0.22941930509471664
273	GREY	-0.1648171810850354
274	GREY	-0.35348181859179206
275	GREY	-0.9062506078124767
276	GREY	-0.3122363946410169
277	GREY	-0.0022215389491397
278	CORE	0.0361952426651821
279	GREY	-0.2431353533277386
280	GREY	-0.1655899117253529
281	GREY	0.005886479360758
282	CORE	-2.1029901770690653
283	GREY	-1.7183672775560943
284	GREY	-3.2352661209501
285	CORE	-2.9263473063139127
286	CORE	-2.366466293398908
287	GREY	-1.9838468858298428
288	CORE	-3.1224636127973087
289	CORE	-2.5655765865894224
290	CORE	-1.626328469694855
291	EXPOSED	-0.859027915479798
292	EXPOSED	-2.0887716977929243
293	EXPOSED	-0.4848958009502705
294	EXPOSED	-1.7869649216850865
295	GREY	0.5794167582151445
296	EXPOSED	0.3950250266082474
297	EXPOSED	-2.0981980050316418
298	CORE	-2.0247123591945084
299	GREY	-0.0966355228080226
300	EXPOSED	-0.4226141930699727
301	GREY	-1.596083599518046
302	CORE	-1.699724798080025
303	GREY	1.2957586286535645
304	EXPOSED	-0.0389459651598889
305	CORE	-1.8003348413434292
306	CORE	-0.5272318978806106
307	EXPOSED	0.0943739529115671
308	EXPOSED	-0.5875187675864209
309	GREY	-1.7105142186711704
310	EXPOSED	-0.6824987707878851
311	EXPOSED	-0.1338469556243835
312	EXPOSED	0.6880511967764641
313	EXPOSED	0.2520270464079277
314	CORE	0.114092768502166
315	EXPOSED	0.4926843855291136
316	GREY	-0.2441916142001747
317	CORE	-0.293607226545873
318	EXPOSED	1.796858756216599
319	EXPOSED	1.1540621082773774
320	CORE	-0.6810719483074423
321	GREY	0.0608725170652256
322	EXPOSED	0.1234464248341081
323	EXPOSED	0.3316374893985431
324	EXPOSED	0.1094874579667754
325	EXPOSED	0.3290262980287982
326	EXPOSED	0.1432012851897735
327	EXPOSED	0.5129339263646494
328	EXPOSED	0.1572153227912606
329	EXPOSED	0.1584469758322678
330	EXPOSED	0.3610857906570875
331	EXPOSED	0.2864009646566616
332	EXPOSED	-1.4965999044914078
333	EXPOSED	-0.0234646023414283
334	EXPOSED	-0.3323341163067691
335	EXPOSED	0.4382783003138037
336	GREY	0.4015116046616858
337	CORE	-1.6997608845338943
338	GREY	-1.3463846627467273
339	EXPOSED	0.0870233713160036
340	GREY	0.1447391649774684
341	EXPOSED	0.2199924191050264
342	EXPOSED	0.3005992764645001
343	CORE	-0.8858057465650017
344	EXPOSED	-0.35460919234465205
345	EXPOSED	0.6101968741085649
346	CORE	-0.0583108200667119
347	CORE	-1.5457700916183892
348	GREY	-0.1576871072187558
349	CORE	0.0272238140799673
350	CORE	-1.2842492762164555
351	GREY	-1.0714184267557494
352	GREY	-0.34903505830437
353	CORE	-0.9970398908279146
354	CORE	-1.7177764625689953
355	GREY	-1.1598056531336929
356	CORE	-0.0181189304216313
357	CORE	-0.0185101438924379
358	CORE	-0.90345542846498
359	CORE	-0.51998060270609
360	CORE	-1.053423308490534
361	CORE	-0.317947956934406
362	CORE	-0.4663641193680478
363	CORE	-0.5319012886731522
364	CORE	-0.0454554479118609
365	CORE	-0.2898507187851429
366	CORE	-0.293122950796536
367	CORE	-0.051468171341955
368	CORE	-0.0144980380613715
369	EXPOSED	0.5223608440608585
370	EXPOSED	0.0924308848816191
371	EXPOSED	0.0121099136477852
372	GREY	-0.0017167431191453
373	EXPOSED	0.7251978539803882
374	EXPOSED	0.0574693631084094
375	CORE	-0.2035449012742589
376	GREY	-0.1507911109759906
377	GREY	0.1744280536177123
378	CORE	-0.2163133367422546
379	CORE	-0.5792207346436289
380	GREY	-1.0425916608431893
381	GREY	0.07523641902258
382	CORE	-0.0881513141061857
383	CORE	-0.6117718985221601
384	GREY	-0.7206344904597467
385	GREY	-0.3410547050780004
386	CORE	-0.5778368921956215
387	GREY	-1.2041061943628133
388	GREY	-0.41229715501755404
389	CORE	-1.1486524503231634
390	CORE	0.2333105077818897
391	GREY	-0.3046207791259368
392	GREY	-0.6523908500996707
393	CORE	-0.3523049911027716
394	GREY	-0.6717015490259475
395	GREY	0.2082287554544322
396	GREY	-0.8732838981581907
397	CORE	0.0522433225308657
398	EXPOSED	-0.8142566352260623
399	EXPOSED	-0.8680672255419632
400	EXPOSED	-0.4722544628276777
402	CORE	-0.6364537604739648
403	CORE	-1.040555750269731
404	GREY	0.0682584082333495
405	CORE	-1.3605603475504164
406	CORE	-0.6614796986675139
407	CORE	-0.43462390257083516
408	GREY	-0.2696160944435723
409	CORE	-1.0034927761799823
410	CORE	-0.0284589698790336
411	GREY	-0.094904411117634
412	GREY	-0.24857882491719896
413	CORE	-1.002898805903289
414	CORE	-1.7231908476789934
415	GREY	-0.5410678315834216
416	CORE	-0.4192461714012604
417	CORE	-0.1069003567316972
418	GREY	-0.5657241927800545
419	GREY	0.2791906311954314
421	GREY	-0.0793034322952655
422	GREY	-0.2112188225788683
423	GREY	-0.1025018255098206
424	EXPOSED	0.3053134329755414
425	EXPOSED	0.4230414903890609
426	EXPOSED	0.4413864955354926
427	EXPOSED	0.3889246975178598
428	EXPOSED	0.2160180320183484
429	EXPOSED	0.1722807523912005
430	EXPOSED	-0.2002196256550366
431	GREY	-0.0216191664963415
432	CORE	0.3105230048843609
433	GREY	0.0880426678420939
434	GREY	-0.0232057082101054
435	CORE	0.0476099921571465
436	CORE	-0.5835609113244518
437	GREY	0.0920352330369534
438	CORE	0.3287948809731223
439	CORE	-0.905017686615053
440	GREY	-0.45286364733555506
441	CORE	0.1093182472930096
442	CORE	-0.5117119343951909
443	CORE	0.0901859573530544
444	CORE	0.1208094860298314
445	CORE	-0.8243880526521378
446	GREY	-0.3941897179122506
447	CORE	0.2288793233347172
448	CORE	0.0951214311929089
449	CORE	-0.18863623963348375
450	GREY	0.2271642152722052
451	GREY	-1.4291855625034233
452	CORE	-0.6733739590269678
453	CORE	-1.773816687259468
454	GREY	-0.17165494080417804
455	GREY	-3.43997202662082
456	CORE	-0.277940743343068
457	CORE	-1.3466977040663979
458	CORE	-2.8982577016289284
459	EXPOSED	-1.8299792139999056
460	GREY	-0.2357277528120341
461	CORE	-0.7299303135457392
462	GREY	-2.7867181845661104
463	EXPOSED	-0.82687156747631
464	GREY	-0.33166996425350426
466	GREY	-0.4418878017600403
467	GREY	-0.3026394907172477
468	GREY	-0.18101758213976443
469	CORE	-1.507128427831466
470	GREY	-1.322379231990981
471	GREY	-0.4975117555044407
472	GREY	-0.316549566705266
473	GREY	-0.1354570728428519
474	CORE	-1.470270663448205
475	GREY	-1.0674836421279088
476	CORE	-1.524084202910963
477	CORE	-1.2461793125713547
478	GREY	-1.3166383206476675
479	GREY	-0.6465815831974205
480	CORE	-0.0705209781276898
481	CORE	-1.6057660116017378
482	GREY	-0.746329040559607
483	GREY	-0.19849782232834876
484	CORE	-0.1217159279537124
485	GREY	0.0229350974284512
486	GREY	-0.2199249075890987
487	GREY	0.0694707361585594
488	GREY	-0.092635505078444
489	EXPOSED	0.4755896623609446
490	EXPOSED	0.2424563652987184
491	EXPOSED	0.2584255482675708
492	EXPOSED	0.2052884935722856
493	GREY	0.2176944756092322
494	GREY	-0.3331358408007264
495	CORE	-0.2246278120975345
496	CORE	-0.2719829267756486
497	GREY	-0.0838425439758133
498	GREY	0.0950550970193019
499	CORE	-0.387000633438201
500	CORE	-0.5677863601191304
501	GREY	-0.2740176146144294
502	GREY	-0.1392581830486801
503	CORE	-0.6101234867935063
504	GREY	-0.5526613062026983
505	GREY	-0.3099314229842012
506	CORE	-1.2268198111223072
507	CORE	-0.6211803442619721
508	GREY	-0.1586853412171543
509	GREY	-0.38114458587915245
510	CORE	-1.1975028163725694
511	GREY	-0.3581757573049281
512	GREY	-0.4184734748968113
513	CORE	-2.513528783448179
514	GREY	-1.9272246526000787
515	GREY	-2.027930285505359
516	CORE	-1.7726887708111043
518	EXPOSED	-0.7089206004289439
519	EXPOSED	0.05895393607128175
520	EXPOSED	0.5665592421044242
521	EXPOSED	-1.7842389369443676
522	CORE	-1.546788681407172
523	EXPOSED	0.2902651169785049
524	EXPOSED	-1.0090014535832292
526	EXPOSED	0.38409794256408947
527	EXPOSED	-0.1757947844760874
528	CORE	-1.2396227007814111
529	GREY	-0.2655444942773313
530	EXPOSED	0.1853358649438729
531	CORE	-1.0755953982826107
532	EXPOSED	0.1013189188603273
533	EXPOSED	0.2117024118912382
534	EXPOSED	0.3023714077107417
535	EXPOSED	0.347424067613569
536	EXPOSED	0.213378530075996
537	EXPOSED	0.1142689655706621
538	EXPOSED	0.1845686679094734
539	EXPOSED	-0.0867764511874966
540	EXPOSED	-0.1451997644505294
541	EXPOSED	0.2521994037794135
542	EXPOSED	-0.0797321843041078
543	EXPOSED	0.5237237282010678
544	EXPOSED	-0.0191513762860475
545	EXPOSED	0.0263329147765511
546	EXPOSED	0.6671017826569585
547	EXPOSED	-0.0239608203361427
548	EXPOSED	0.1281184887211308
549	EXPOSED	-0.4758023050213226
550	EXPOSED	-0.0034541587296644
