pos	class	ddg
1	EXPOSED	0.1920192
2	GREY	0.68714935
3	EXPOSED	0.8862009
4	GREY	1.1085602
5	GREY	1.284598
6	EXPOSED	0.31895974
7	CORE	2.5388646
8	CORE	2.000721
9	EXPOSED	-0.044234514
10	EXPOSED	0.29480997
11	CORE	1.5197699
12	GREY	1.5168922
13	GREY	0.35105538
14	EXPOSED	-0.30412173
15	GREY	1.5387744
16	EXPOSED	0.56869924
17	CORE	1.248714
18	CORE	0.4872648
19	EXPOSED	0.32968223
20	EXPOSED	0.18036191
21	CORE	0.44936502
22	GREY	1.6556423
23	GREY	1.4286864
24	GREY	1.3810465
25	CORE	2.4798255
26	GREY	0.71037304
27	GREY	1.8569889
28	CORE	2.0599995
29	CORE	0.23674853
30	GREY	0.8987714
31	GREY	0.81937486
32	GREY	1.55731
33	CORE	1.4140505
34	GREY	1.1220347
35	CORE	1.3366467
36	GREY	0.68019104
37	CORE	0.82178247
38	CORE	1.2112844
39	CORE	0.7736879
40	CORE	1.8328584
41	CORE	2.475844
42	CORE	1.3320007
43	GREY	1.2482487
44	GREY	0.82089645
45	EXPOSED	0.34797344
46	CORE	1.5767086
47	EXPOSED	-0.0017048642
48	CORE	0.59735453
49	GREY	0.5704408
50	CORE	0.45883548
51	EXPOSED	0.4791007
52	GREY	0.20823288
53	EXPOSED	1.2064996
54	GREY	1.3058683
55	CORE	1.8535246
56	EXPOSED	0.58796614
57	EXPOSED	0.5345744
58	CORE	1.9484913
59	CORE	0.18958597
60	EXPOSED	0.43355456
62	GREY	0.54179835
63	EXPOSED	1.11488
64	GREY	2.0608304
65	EXPOSED	1.2856963
66	EXPOSED	0.6677935
67	EXPOSED	0.34979776
68	EXPOSED	0.70053875
69	GREY	0.28229702
70	EXPOSED	0.6628881
71	EXPOSED	0.09993196
72	GREY	1.2843885
73	CORE	1.1451921
74	GREY	0.7762063
75	GREY	1.1714147
76	EXPOSED	0.2965524
77	EXPOSED	0.13564941
78	GREY	0.19742286
79	EXPOSED	0.33798712
80	EXPOSED	0.13951023
81	EXPOSED	0.2663928
82	EXPOSED	0.23343396
83	GREY	0.15691005
84	EXPOSED	0.48091897
85	EXPOSED	0.2624413
86	CORE	0.28452525
87	GREY	0.7732126
89	EXPOSED	0.42093065
90	CORE	0.46977133
91	GREY	2.1641307
92	EXPOSED	0.39943275
93	CORE	1.9790804
94	EXPOSED	0.86847967
95	CORE	2.8787167
96	EXPOSED	0.5474571
97	EXPOSED	0.38064653
98	EXPOSED	0.22087362
99	EXPOSED	-0.118893646
100	CORE	1.7150055
101	EXPOSED	1.0663629
102	EXPOSED	0.4866397
103	EXPOSED	0.045369945
104	GREY	1.4703646
105	CORE	2.0305977
106	CORE	2.2030106
107	EXPOSED	0.9334349
108	EXPOSED	-0.041318342
109	EXPOSED	1.6816782
110	GREY	0.31081513
111	EXPOSED	0.05173759
112	EXPOSED	0.57272416
113	EXPOSED	0.4551902
114	EXPOSED	0.15027472
115	EXPOSED	0.20502427
116	GREY	1.3033924
117	EXPOSED	0.5216699
118	EXPOSED	1.4563434
119	CORE	0.16354106
120	EXPOSED	0.64641994
121	GREY	0.62576705
122	EXPOSED	0.38079065
123	EXPOSED	0.69248366
124	GREY	2.3917885
125	GREY	2.22954
126	GREY	0.9141525
127	GREY	2.1647236
128	EXPOSED	0.07812483
129	GREY	1.1758718
130	EXPOSED	0.35319957
131	GREY	0.726377
132	GREY	-0.041653015
133	CORE	0.7517608
134	CORE	2.716129
135	CORE	1.6816447
136	GREY	1.3248916
137	EXPOSED	0.5159607
138	GREY	1.9762318
139	EXPOSED	0.5292501
140	CORE	1.85598
141	CORE	1.4121618
142	GREY	0.75630105
143	EXPOSED	0.3623355
144	GREY	0.45928383
145	GREY	0.2801095
146	EXPOSED	1.1521724
147	GREY	1.1188272
148	GREY	1.7277887
149	CORE	1.4737921
150	GREY	1.9708865
151	CORE	1.5536222
152	CORE	0.12905571
153	CORE	0.8455027
154	GREY	0.9676498
155	CORE	0.9760925
156	CORE	0.49443477
157	GREY	1.0513375
158	CORE	1.5426763
159	CORE	1.7691398
160	GREY	2.5074625
161	GREY	1.3930583
162	CORE	1.248733
163	CORE	0.15508655
164	GREY	0.8556086
165	GREY	-0.0948288
166	GREY	1.3653926
167	GREY	-0.016842179
168	GREY	0.5314236
169	GREY	1.0581768
170	CORE	0.47615945
171	EXPOSED	0.21935384
172	EXPOSED	0.5977256
173	EXPOSED	1.4505059
174	CORE	1.6258248
175	GREY	0.12667322
176	GREY	1.0407678
177	GREY	0.62146443
178	CORE	0.51771504
179	CORE	2.3676913
180	GREY	2.2372139
181	GREY	-0.061433896
182	CORE	1.2410886
183	CORE	1.4283415
184	GREY	2.6832466
185	GREY	1.7788168
186	CORE	0.0025889166
187	CORE	0.9264146
188	GREY	2.476974
189	CORE	1.2173185
190	CORE	0.98018086
191	GREY	2.3189492
192	GREY	2.3123662
193	CORE	1.6974449
194	CORE	1.2484869
195	GREY	1.6322274
196	CORE	0.8704396
197	GREY	0.26019883
198	EXPOSED	0.73232186
199	CORE	2.4298952
200	EXPOSED	0.5204967
201	GREY	-0.15849525
202	CORE	1.8890859
203	CORE	2.0849514
204	EXPOSED	1.8496369
205	GREY	1.6514645
206	CORE	1.2285111
207	GREY	2.1736465
208	GREY	2.5350473
209	CORE	0.44572616
210	CORE	1.967417
211	GREY	2.4807189
212	CORE	1.1887496
213	CORE	0.5074179
214	GREY	0.10461085
215	CORE	0.91159153
216	CORE	-0.42029977
217	GREY	1.7674211
218	GREY	0.93410176
219	CORE	0.5319972
220	CORE	1.1569529
221	GREY	1.0359366
222	GREY	0.3463676
223	CORE	1.9651427
224	CORE	1.9378488
225	GREY	0.33719164
226	GREY	0.8514775
227	CORE	1.5762665
228	CORE	0.96572435
229	CORE	1.4171445
230	EXPOSED	0.07133058
231	EXPOSED	0.2186243
232	GREY	-0.19724146
233	GREY	1.4199278
234	EXPOSED	0.051077306
235	EXPOSED	0.27384147
236	GREY	0.84382117
237	CORE	0.22358589
238	CORE	1.3568075
239	GREY	1.7724581
240	CORE	1.3447201
241	GREY	0.12658682
242	CORE	2.102895
243	GREY	0.89589566
244	CORE	1.3567406
245	CORE	0.13532329
246	GREY	1.5616047
247	CORE	1.8291328
248	CORE	1.479795
249	GREY	1.4357321
250	GREY	0.65043175
251	CORE	1.5189834
252	CORE	0.655415
253	GREY	0.27895594
254	GREY	2.0319788
255	CORE	1.0898489
256	GREY	0.65810394
257	EXPOSED	0.30226943
258	GREY	1.655731
259	EXPOSED	0.743077
260	EXPOSED	0.67745686
261	CORE	1.9629703
262	GREY	1.7122053
263	GREY	1.1897109
264	CORE	2.26702
265	CORE	0.13815492
266	GREY	2.937871
267	GREY	1.2466097
268	GREY	1.5140411
269	CORE	-0.045846462
270	GREY	2.3271666
271	GREY	1.4048364
272	CORE	0.08707904
273	GREY	2.2184033
274	GREY	1.6826286
275	GREY	1.4682457
276	GREY	2.4753482
277	GREY	1.5389519
278	CORE	1.5115769
279	GREY	0.5610501
280	GREY	0.9008906
281	GREY	0.7174274
282	CORE	1.7163872
283	GREY	0.6074562
284	GREY	1.1428585
285	CORE	1.1646943
286	CORE	1.3583717
287	GREY	0.2570014
288	CORE	1.6453859
289	CORE	1.9999156
290	CORE	1.4425528
291	EXPOSED	0.13855252
292	EXPOSED	0.82526726
293	EXPOSED	0.6596674
294	EXPOSED	1.0830277
295	GREY	0.19419259
296	EXPOSED	-0.0052440874
297	EXPOSED	0.6018937
298	CORE	1.2708998
299	GREY	0.7107995
300	EXPOSED	0.3620381
301	GREY	1.6172303
302	CORE	2.2451487
303	GREY	-0.78260666
304	EXPOSED	0.086052984
305	CORE	2.3862426
306	CORE	1.1234722
307	EXPOSED	0.18115929
308	EXPOSED	-0.038493842
309	GREY	1.0845784
310	EXPOSED	1.1276212
311	EXPOSED	0.6141049
312	EXPOSED	0.11443769
313	EXPOSED	0.8076828
314	CORE	1.3819283
315	EXPOSED	0.14687346
316	GREY	0.10801843
317	CORE	1.3533638
318	EXPOSED	0.09255039
319	EXPOSED	0.381962
320	CORE	1.5101167
321	GREY	0.17877316
322	EXPOSED	0.18439363
323	EXPOSED	0.003518723
324	EXPOSED	0.0028809197
325	EXPOSED	0.1050366
326	EXPOSED	0.019666635
327	EXPOSED	-0.0057061166
328	EXPOSED	0.021233551
329	EXPOSED	0.053896368
330	EXPOSED	0.067586735
331	EXPOSED	0.027517807
332	EXPOSED	0.80248207
333	EXPOSED	0.2691045
334	EXPOSED	1.0392295
335	EXPOSED	0.1720205
336	GREY	1.1147465
337	CORE	2.4689593
338	GREY	1.8374624
339	EXPOSED	0.8097868
340	GREY	0.6246305
341	EXPOSED	0.5797238
342	EXPOSED	-0.21178111
343	CORE	1.2270266
344	EXPOSED	1.2155687
345	EXPOSED	0.26883918
346	CORE	0.66651237
347	CORE	1.0491532
348	GREY	0.9675239
349	CORE	1.6449872
350	CORE	2.1263242
351	GREY	1.64595
352	GREY	0.7797493
353	CORE	2.3673177
354	CORE	1.591874
355	GREY	2.3281372
356	CORE	1.0143037
357	CORE	0.13593464
358	CORE	0.22139756
359	CORE	1.5124052
360	CORE	2.1845286
361	CORE	1.1539121
362	CORE	0.11782197
363	CORE	1.4609166
364	CORE	1.7487797
365	CORE	1.6799078
366	CORE	1.9240197
367	CORE	0.679088
368	CORE	1.4977175
369	EXPOSED	0.3599224
370	EXPOSED	0.23929293
371	EXPOSED	0.73333627
372	GREY	0.97394586
373	EXPOSED	-0.21051878
374	EXPOSED	0.8442857
375	CORE	0.99440724
376	GREY	0.87474215
377	GREY	0.8844268
378	CORE	1.0358232
379	CORE	1.5467839
380	GREY	2.7196817
381	GREY	0.71797746
382	CORE	-0.26200995
383	CORE	0.93899715
384	GREY	2.367849
385	GREY	1.0529932
386	CORE	0.45889467
387	GREY	2.293398
388	GREY	0.9486581
389	CORE	0.45750892
390	CORE	0.4334955
391	GREY	1.4347353
392	GREY	1.9616605
393	CORE	0.6298869
394	GREY	1.4036139
395	GREY	1.1829236
396	GREY	0.53353846
397	CORE	0.8636481
398	EXPOSED	0.5236666
399	EXPOSED	0.3017269
400	EXPOSED	0.7922808
402	CORE	0.043321498
403	CORE	1.6188602
404	GREY	0.77915394
405	CORE	0.7740264
406	CORE	1.5800512
407	CORE	1.1224402
408	GREY	1.589667
409	CORE	0.6492958
410	CORE	-0.093769275
411	GREY	2.3567672
412	GREY	1.9821782
413	CORE	0.9050289
414	CORE	1.5674409
415	GREY	0.9299178
416	CORE	1.0348983
417	CORE	0.92314726
418	GREY	2.0877295
419	GREY	1.3958921
421	GREY	1.5673908
422	GREY	1.2064092
423	GREY	1.2505075
424	EXPOSED	0.5198976
425	EXPOSED	0.2654124
426	EXPOSED	0.270725
427	EXPOSED	0.64152795
428	EXPOSED	0.47359028
429	EXPOSED	0.9536983
430	EXPOSED	1.1944287
431	GREY	-0.049034946
432	CORE	1.2220294
433	GREY	1.4186952
434	GREY	1.7185439
435	CORE	0.8905853
436	CORE	0.6525048
437	GREY	1.8949047
438	CORE	0.5462786
439	CORE	0.75903696
440	GREY	2.0601203
441	CORE	1.1710069
442	CORE	1.3017853
443	CORE	0.5209919
444	CORE	1.717091
445	CORE	0.9232215
446	GREY	1.2609223
447	CORE	0.077496365
448	CORE	1.4054377
449	CORE	1.6175156
450	GREY	0.6044114
451	GREY	1.0123341
452	CORE	1.7821834
453	CORE	0.15943363
454	GREY	0.37960154
455	GREY	1.0484266
456	CORE	1.9779274
457	CORE	1.7153345
458	CORE	1.7625113
459	EXPOSED	0.32511577
460	GREY	0.7416569
461	CORE	1.4130496
462	GREY	1.304881
463	EXPOSED	-0.038894124
464	GREY	1.7565769
466	GREY	0.9954173
467	GREY	0.7546749
468	GREY	2.0822368
469	CORE	0.65178734
470	GREY	0.21672899
471	GREY	0.016341785
472	GREY	1.9303732
473	GREY	0.5290294
474	CORE	0.63533294
475	GREY	2.511958
476	CORE	1.4443191
477	CORE	0.7802521
478	GREY	1.9998533
479	GREY	2.4859586
480	CORE	1.2778856
481	CORE	1.1404029
482	GREY	1.6927148
483	GREY	1.9137571
484	CORE	2.0852253
485	GREY	0.37862533
486	GREY	0.90004575
487	GREY	1.5097836
488	GREY	0.93076104
489	EXPOSED	0.13923305
490	EXPOSED	0.44657812
491	EXPOSED	1.1859169
492	EXPOSED	0.042373747
493	GREY	-0.24795634
494	GREY	2.1364207
495	CORE	1.375051
496	CORE	2.1689734
497	GREY	2.427204
498	GREY	2.6851463
499	CORE	1.3292912
500	CORE	1.1082542
501	GREY	2.1507988
502	GREY	2.304206
503	CORE	1.3995436
504	GREY	2.2023993
505	GREY	2.1275387
506	CORE	0.59036475
507	CORE	0.9647577
508	GREY	0.4396782
509	GREY	1.5417464
510	CORE	1.164171
511	GREY	2.0401227
512	GREY	1.435892
513	CORE	2.4260263
514	GREY	1.4482931
515	GREY	1.1032778
516	CORE	1.3328757
517	EXPOSED	0.474716
518	EXPOSED	1.0304044
519	EXPOSED	0.54883605
520	EXPOSED	0.17792362
521	EXPOSED	0.17397936
522	CORE	1.609718
523	EXPOSED	0.1530805
524	EXPOSED	1.499234
525	GREY	1.2839851
526	EXPOSED	0.015871145
527	EXPOSED	0.79813486
528	CORE	1.4715255
529	GREY	1.0704186
530	EXPOSED	0.4995648
531	CORE	1.5631597
532	EXPOSED	1.4502637
533	EXPOSED	-0.00915416
534	EXPOSED	0.07355349
535	EXPOSED	0.046382796
536	EXPOSED	0.01217749
537	EXPOSED	0.02355779
538	EXPOSED	-0.009589657
539	EXPOSED	0.04313854
540	EXPOSED	0.056756075
541	EXPOSED	-0.07011607
542	EXPOSED	0.08816543
543	EXPOSED	0.003777258
544	EXPOSED	0.068165876
545	EXPOSED	0.014343679
546	EXPOSED	0.03246042
547	EXPOSED	-0.013917357
548	EXPOSED	-0.055805527
549	EXPOSED	0.044007942
550	EXPOSED	0.110794306
551	EXPOSED	0.23610224
552	EXPOSED	0.0044579282
553	EXPOSED	-0.080729574
554	EXPOSED	-0.042024244
