variant_id	hgvs_short	consequence	rsids	ac	an	af	ac_nfe	an_nfe	af_nfe	ac_eas	an_eas	af_eas	ac_sas	an_sas	af_sas	ac_afr	an_afr	af_afr	ac_amr	an_amr	af_amr	ac_fin	an_fin	af_fin	ac_asj	an_asj	af_asj	ac_mid	an_mid	af_mid	ac_remaining	an_remaining	af_remaining	am	am_class_cheng	am_class_recal	pos	class	GFP_score	dms_loss	am_class	in_dms_validation	design_pos	cheng_miss
6-160121946-T-C	V4A	missense_variant	rs1779938811	1	1607974	6.219006028704444e-07	0	1175878	0.0	0	44810	0.0	0	90458	0.0	1	74872	1.3356127791430707e-05	0	59844	0.0	0	63766	0.0	0	29184	0.0	0	6058	0.0	0	62192	0.0	0.2334	benign	benign	4.0	GREY	-1.3560824985493327	True	benign	True	False	True
6-160121948-G-A	D5N	missense_variant		1	1608948	6.215241263235356e-07	0	1176388	0.0	0	44812	0.0	0	90564	0.0	0	75028	0.0	0	59894	0.0	1	63824	1.566808723990975e-05	0	29230	0.0	0	6036	0.0	0	62260	0.0	0.5357	ambiguous	pathogenic	5.0	GREY	-1.4942541439682877	True	ambiguous	True	False	True
6-160121963-C-A	Q10K	missense_variant		2	1611606	1.2409981099598786e-06	1	1178208	8.487465710638529e-07	0	44834	0.0	0	90852	0.0	0	75044	0.0	0	59936	0.0	1	63930	1.564210855623338e-05	0	29436	0.0	0	6054	0.0	0	62400	0.0	0.0835	benign	benign	10.0	EXPOSED	-1.3542855678962649	True	benign	True	False	True
6-160121967-T-G	V11G	missense_variant	rs749926302	1	1613208	6.198828669334643e-07	0	1179402	0.0	0	44876	0.0	0	91008	0.0	1	75026	1.3328712712926186e-05	0	59998	0.0	0	63942	0.0	0	29522	0.0	0	6054	0.0	0	62468	0.0	0.2931	benign	benign	11.0	CORE	-1.414706799360439	True	benign	True	False	True
6-160121967-T-A	V11D	missense_variant	rs749926302	5	1613090	3.09964106156507e-06	0	1179410	0.0	0	44888	0.0	0	91012	0.0	5	74904	6.675210936665599e-05	0	59978	0.0	0	63942	0.0	0	29522	0.0	0	6076	0.0	0	62446	0.0	0.7163	pathogenic	pathogenic	11.0	CORE	-1.6337911683124955	True	pathogenic	True	False	False
6-160121970-G-A	G12E	missense_variant	rs756098824	3	1613338	1.8594987535160025e-06	1	1179556	8.47776621033677e-07	0	44896	0.0	0	91018	0.0	2	74940	2.668801708033093e-05	0	59992	0.0	0	63966	0.0	0	29530	0.0	0	6078	0.0	0	62450	0.0	0.5926	pathogenic	pathogenic	12.0	GREY	-0.8283695772338655	True	pathogenic	True	False	False
6-160121973-A-G	E13G	missense_variant		4	1613592	2.47894139286759e-06	4	1179650	3.3908362649938543e-06	0	44880	0.0	0	91042	0.0	0	75044	0.0	0	60010	0.0	0	63968	0.0	0	29546	0.0	0	6060	0.0	0	62480	0.0	0.0888	benign	benign	13.0	GREY	-0.8518153280852373	True	benign	True	False	True
6-160121979-G-A	G15D	missense_variant		1	1613862	6.196316661523724e-07	1	1179824	8.475840464340444e-07	0	44886	0.0	0	91066	0.0	0	75070	0.0	0	60018	0.0	0	63984	0.0	0	29552	0.0	0	6060	0.0	0	62490	0.0	0.3413	ambiguous	ambiguous	15.0	GREY	-0.8758776993739605	True	ambiguous	True	False	True
6-160122009-T-C	L25S	missense_variant	rs1440356481	17	1614178	1.053167618441089e-05	17	1180036	1.440634014555488e-05	0	44884	0.0	0	91086	0.0	0	75064	0.0	0	60032	0.0	0	63992	0.0	0	29606	0.0	0	6060	0.0	0	62506	0.0	0.4971	ambiguous	pathogenic	25.0	CORE	-0.8847778647376714	True	ambiguous	True	False	True
6-160122021-C-T	S29L	missense_variant	rs375175439	53	1614118	3.2835269788206315e-05	36	1180032	3.050764725024406e-05	3	44878	6.684789874771603e-05	3	91080	3.293807641633728e-05	0	75058	0.0	5	60030	8.329168748958855e-05	1	63952	1.5636727545659244e-05	0	29608	0.0	2	6060	0.0003300330033003	3	62508	4.799385678633135e-05	0.4118	ambiguous	ambiguous	29.0	CORE	-2.7983112130295096	True	ambiguous	True	False	True
6-160122027-C-T	A31V	missense_variant	rs1228388059	1	1614004	6.19577150985995e-07	0	1180054	0.0	0	44894	0.0	0	91088	0.0	1	74948	1.334258419170625e-05	0	60010	0.0	0	63926	0.0	0	29606	0.0	0	6084	0.0	0	62482	0.0	0.1221	benign	benign	31.0	GREY	-1.154900240488954	True	benign	True	False	True
6-160122031-T-G	F32L	missense_variant	rs1410949623	4	1614116	2.4781366394980288e-06	0	1180050	0.0	4	44886	8.91146459920688e-05	0	91092	0.0	0	75070	0.0	0	60030	0.0	0	63902	0.0	0	29608	0.0	0	6062	0.0	0	62504	0.0	0.8601	pathogenic	pathogenic	32.0	GREY	-1.1566545135742905	True	pathogenic	True	False	False
6-160122032-G-A	A33T	missense_variant	rs1348942638	1	1614064	6.195541192914283e-07	1	1180044	8.47426028182e-07	0	44878	0.0	0	91086	0.0	0	75064	0.0	0	60030	0.0	0	63878	0.0	0	29604	0.0	0	6062	0.0	0	62506	0.0	0.1943	benign	benign	33.0	CORE	-2.792231475139791	True	benign	True	False	True
6-160122033-C-T	A33V	missense_variant	rs550392111	70	1614094	4.336798228603786e-05	54	1180044	4.5761005521828e-05	10	44878	0.000222826329159	1	91090	1.0978153474585577e-05	0	75076	0.0	0	60034	0.0	2	63888	3.130478337089907e-05	0	29606	0.0	0	6062	0.0	3	62504	4.7996928196595416e-05	0.2898	benign	benign	33.0	CORE	-1.2679635917324898	True	benign	True	False	True
6-160122035-C-T	P34S	missense_variant		1	1614094	6.195426040862552e-07	0	1180046	0.0	0	44886	0.0	0	91088	0.0	0	75070	0.0	0	60024	0.0	0	63894	0.0	1	29608	3.377465549851391e-05	0	6062	0.0	0	62504	0.0	0.3143	benign	benign	34.0	GREY	-1.731132534066903	True	benign	True	False	True
6-160122038-A-C	I35L	missense_variant		1	1613972	6.195894352566215e-07	1	1180036	8.474317732679342e-07	0	44878	0.0	0	91068	0.0	0	75040	0.0	0	60024	0.0	0	63848	0.0	0	29604	0.0	0	6062	0.0	0	62500	0.0	0.1257	benign	benign	35.0	CORE	-0.8646557518026825	True	benign	True	False	True
6-160122038-A-T	I35F	missense_variant		1	1613972	6.195894352566215e-07	1	1180036	8.474317732679342e-07	0	44878	0.0	0	91068	0.0	0	75040	0.0	0	60024	0.0	0	63848	0.0	0	29604	0.0	0	6062	0.0	0	62500	0.0	0.2348	benign	benign	35.0	CORE	-2.780711455621291	True	benign	True	False	True
6-160122039-T-C	I35T	missense_variant	rs765568729	1	1613932	6.1960479127993e-07	1	1180048	8.47423155668244e-07	0	44894	0.0	0	91084	0.0	0	74934	0.0	0	60010	0.0	0	63884	0.0	0	29606	0.0	0	6084	0.0	0	62476	0.0	0.3893	ambiguous	ambiguous	35.0	CORE	-2.0140085424347824	True	ambiguous	True	False	True
6-160122040-C-G	I35M	missense_variant	rs987557499	4	1614088	2.478179628372183e-06	1	1180042	8.474274644461808e-07	0	44888	0.0	0	91084	0.0	0	75076	0.0	0	60034	0.0	0	63876	0.0	0	29608	0.0	3	6062	0.0004948861761794	0	62506	0.0	0.171	benign	benign	35.0	CORE	-1.5202341334288771	True	benign	True	False	True
6-160122044-G-A	V37M	missense_variant	rs761516344	3	1614054	1.858673873364832e-06	0	1180048	0.0	0	44878	0.0	3	91084	3.2936629924026174e-05	0	75068	0.0	0	60032	0.0	0	63864	0.0	0	29604	0.0	0	6062	0.0	0	62502	0.0	0.3643	ambiguous	ambiguous	37.0	CORE	-0.8456104211354039	True	ambiguous	True	False	True
6-160122048-G-A	G38D	missense_variant	rs35888596	4360	1613962	0.0027014266754731	2129	1180044	0.0018041700139994	2	44876	4.456725198324271e-05	200	91090	0.0021956306949171	66	75072	0.0008791560102301	270	60028	0.0044979009795428	3	63774	4.704111393357794e-05	1041	29602	0.035166542801162	278	6062	0.045859452325965	370	62502	0.0059198105660618	0.8282	pathogenic	pathogenic	38.0	CORE	-0.9885431569841858	True	pathogenic	True	False	False
6-160122058-C-G	F41L	missense_variant	rs2297373	10	1614062	6.19554886986993e-06	0	1180042	0.0	10	44882	0.0002228064702998	0	91092	0.0	0	75074	0.0	0	60032	0.0	0	63852	0.0	0	29608	0.0	0	6062	0.0	0	62506	0.0	0.9833	pathogenic	pathogenic	41.0	CORE	-1.4139763533751593	True	pathogenic	True	False	False
6-160122060-T-G	L42R	missense_variant	rs778919765	114	1613930	7.06350337375227e-05	106	1180054	8.982639777501707e-05	0	44886	0.0	0	91094	0.0	1	74954	1.3341516129893002e-05	0	60010	0.0	5	63846	7.831344171913667e-05	0	29604	0.0	0	6084	0.0	2	62486	3.200716960599174e-05	0.6466	pathogenic	pathogenic	42.0	CORE	-3.425002753090829	True	pathogenic	True	False	False
6-160122071-C-A	P46T	missense_variant	rs747192524	2	1614054	1.2391159155765543e-06	1	1180048	8.47423155668244e-07	0	44876	0.0	1	91088	1.0978394519585456e-05	0	75078	0.0	0	60036	0.0	0	63842	0.0	0	29606	0.0	0	6062	0.0	0	62508	0.0	0.3541	ambiguous	ambiguous	46.0	CORE	-3.631064645915189	True	ambiguous	True	False	True
6-160122078-A-G	H48R	missense_variant	rs1779947322	2	1613960	1.2391880839673845e-06	2	1180012	1.6948980179862578e-06	0	44868	0.0	0	91086	0.0	0	75072	0.0	0	60026	0.0	0	63808	0.0	0	29606	0.0	0	6062	0.0	0	62508	0.0	0.357	ambiguous	ambiguous	48.0	CORE	-2.990207859548339	True	ambiguous	True	False	True
6-160122111-G-A	S59N	missense_variant	rs1028655210	1	1613722	6.196854228919232e-07	1	1180010	8.47450445335209e-07	0	44898	0.0	0	91082	0.0	0	74952	0.0	0	60012	0.0	0	63698	0.0	0	29606	0.0	0	6084	0.0	0	62468	0.0	0.2524	benign	benign	59.0	CORE	-0.9713493727740852	True	benign	True	False	True
6-160122119-T-G	C62G	missense_variant	rs765280158	1	1613732	6.196815828154861e-07	1	1179980	8.474719910506957e-07	0	44882	0.0	0	91080	0.0	0	75082	0.0	0	60026	0.0	0	63618	0.0	0	29604	0.0	0	6062	0.0	0	62486	0.0	0.7557	pathogenic	pathogenic	62.0	GREY	-2.3711817752419453	True	pathogenic	True	False	False
6-160122128-A-T	S65C	missense_variant		1	1613564	6.197461024167619e-07	1	1179978	8.474734274706817e-07	0	44884	0.0	0	91080	0.0	0	75074	0.0	0	60036	0.0	0	63452	0.0	0	29604	0.0	0	6062	0.0	0	62482	0.0	0.4946	ambiguous	pathogenic	65.0	EXPOSED	-1.011319836656711	True	ambiguous	True	False	True
6-160122130-C-G	S65R	missense_variant		1	1613572	6.197430297501444e-07	1	1179978	8.474734274706817e-07	0	44886	0.0	0	91078	0.0	0	75076	0.0	0	60028	0.0	0	63462	0.0	0	29604	0.0	0	6062	0.0	0	62486	0.0	0.4272	ambiguous	ambiguous	65.0	EXPOSED	-0.8502325877649152	True	ambiguous	True	False	True
6-160122137-G-A	E68K	missense_variant		1	1613544	6.197537842166064e-07	1	1179990	8.474648090238053e-07	0	44884	0.0	0	91080	0.0	0	75084	0.0	0	60036	0.0	0	63404	0.0	0	29602	0.0	0	6062	0.0	0	62490	0.0	0.1735	benign	benign	68.0	EXPOSED	-0.9349606437890636	True	benign	True	False	True
6-160122142-G-T	E69D	missense_variant		1	1613492	6.197737577874573e-07	1	1179970	8.474791731993186e-07	0	44880	0.0	0	91080	0.0	0	75078	0.0	0	60034	0.0	0	63394	0.0	0	29600	0.0	0	6062	0.0	0	62484	0.0	0.5626	ambiguous	pathogenic	69.0	GREY	-2.815825919080709	True	ambiguous	True	False	True
6-160122144-T-C	L70P	missense_variant		1	1613300	6.198475175106923e-07	1	1179834	8.475768625077765e-07	0	44880	0.0	0	91080	0.0	0	75066	0.0	0	60008	0.0	0	63396	0.0	0	29594	0.0	0	6058	0.0	0	62472	0.0	0.628	pathogenic	pathogenic	70.0	EXPOSED	-3.621145013664998	True	pathogenic	True	False	False
6-160122150-A-G	Y72C	missense_variant	rs745944087	26	1612892	1.6120112195980884e-05	1	1179584	8.477564972057946e-07	0	44862	0.0	24	91068	0.0002635393332454	0	75054	0.0	0	59994	0.0	0	63338	0.0	0	29572	0.0	0	6054	0.0	1	62454	1.601178467351971e-05	0.2668	benign	benign	72.0	GREY	-2.354357687403815	True	benign	True	False	True
6-160122153-C-T	T73I	missense_variant		1	1612642	6.201004314658802e-07	1	1179408	8.478830057113399e-07	0	44854	0.0	0	91056	0.0	0	75068	0.0	0	59992	0.0	0	63302	0.0	0	29560	0.0	0	6056	0.0	0	62434	0.0	0.8018	pathogenic	pathogenic	73.0	CORE	-1.75949628529927	True	pathogenic	True	False	False
6-160122158-C-T	P75S	missense_variant	rs368634645	4	1611774	2.481737514068349e-06	3	1178752	2.5450646107069173e-06	0	44818	0.0	0	91042	0.0	0	75034	0.0	1	59950	1.6680567139282734e-05	0	63312	0.0	0	29524	0.0	0	6050	0.0	0	62380	0.0	0.2427	benign	benign	75.0	GREY	-1.9960211899813247	True	benign	True	False	True
6-160122174-C-T	A80V	missense_variant	rs145740120	101	1610334	6.271990779552565e-05	48	1177778	4.075470929156429e-05	7	44810	0.0001562151305512	32	90976	0.0003517411185367	7	74976	9.336320956039266e-05	1	59888	1.6697835960459526e-05	0	63180	0.0	1	29492	3.3907500339075e-05	0	6044	0.0	5	62280	8.028259473346178e-05	0.0857	benign	benign	80.0	EXPOSED	-0.9377713980091592	True	benign	True	False	True
6-160122200-A-G	R89G	missense_variant	rs781487444	25	1611222	1.55161734385454e-05	6	1178454	5.091416381123065e-06	0	44824	0.0	3	91006	3.2964859459815835e-05	1	74902	1.3350778350377827e-05	7	59934	0.0001167951413221	0	63208	0.0	0	29560	0.0	0	6078	0.0	8	62344	0.0001283202874374	0.1224	benign	benign	89.0	EXPOSED	-0.8890891272755637	True	benign	True	False	True
6-160122203-C-T	R90C	missense_variant	rs200716785	26	1611060	1.6138443012674885e-05	11	1178376	9.334881226365778e-06	11	44812	0.0002454699634026	1	90996	1.0989494043694227e-05	1	74880	1.3354700854700856e-05	0	59948	0.0	1	63178	1.582829465953338e-05	0	29556	0.0	0	6076	0.0	1	62328	1.6044153510460787e-05	0.2983	benign	benign	90.0	CORE	-1.756325406967257	True	benign	True	False	True
6-160122203-C-A	R90S	missense_variant	rs200716785	2	1611060	1.2414186932826835e-06	0	1178376	0.0	0	44812	0.0	0	90996	0.0	2	74880	2.670940170940171e-05	0	59948	0.0	0	63178	0.0	0	29556	0.0	0	6076	0.0	0	62328	0.0	0.4235	ambiguous	ambiguous	90.0	CORE	-2.1507995586295863	True	ambiguous	True	False	True
6-160122204-G-T	R90L	missense_variant	rs138657404	1	1611298	6.20617663523445e-07	1	1178448	8.485737172959689e-07	0	44806	0.0	0	91020	0.0	0	75016	0.0	0	59946	0.0	0	63176	0.0	0	29570	0.0	0	6056	0.0	0	62348	0.0	0.2757	benign	benign	90.0	CORE	-1.948297131761721	True	benign	True	False	True
6-160122204-G-C	R90P	missense_variant		3	1611298	1.8618529905703355e-06	3	1178448	2.5457211518879067e-06	0	44806	0.0	0	91020	0.0	0	75016	0.0	0	59946	0.0	0	63176	0.0	0	29570	0.0	0	6056	0.0	0	62348	0.0	0.7378	pathogenic	pathogenic	90.0	CORE	-2.744940706053242	True	pathogenic	True	False	False
6-160122204-G-A	R90H	missense_variant	rs138657404	27	1611180	1.675790414478829e-05	9	1178456	7.637111610446212e-06	4	44818	8.924985496898568e-05	0	91024	0.0	11	74894	0.0001468742489384	1	59926	1.6687247605379967e-05	0	63176	0.0	0	29570	0.0	0	6078	0.0	2	62326	3.2089336713410135e-05	0.1318	benign	benign	90.0	CORE	-1.8576367579645927	True	benign	True	False	True
6-160122206-T-C	Y91H	missense_variant	rs913323076	2	1611110	1.2413801664690804e-06	2	1178404	1.6972108037650924e-06	0	44806	0.0	0	91020	0.0	0	74884	0.0	0	59934	0.0	0	63180	0.0	0	29564	0.0	0	6078	0.0	0	62328	0.0	0.4694	ambiguous	ambiguous	91.0	GREY	-3.343415024059808	True	ambiguous	True	False	True
6-160122207-A-G	Y91C	missense_variant	rs769151008	6	1611290	3.723724469214108e-06	0	1178418	0.0	6	44808	0.0001339046598821	0	91012	0.0	0	75018	0.0	0	59950	0.0	0	63196	0.0	0	29568	0.0	0	6054	0.0	0	62354	0.0	0.7211	pathogenic	pathogenic	91.0	GREY	-2.597289424121579	True	pathogenic	True	False	False
6-160122222-A-G	N96S	missense_variant	rs748560150	2	1611178	1.24132777384001e-06	0	1178528	0.0	0	44804	0.0	2	91016	2.1974158389733675e-05	0	75012	0.0	0	59902	0.0	0	63072	0.0	0	29540	0.0	0	6050	0.0	0	62342	0.0	0.2115	benign	benign	96.0	EXPOSED	-1.7838325894715157	True	benign	True	False	True
6-160122228-G-A	S98N	missense_variant	rs141775735	38	1610974	2.3588214334930296e-05	35	1178516	2.9698366420141946e-05	0	44822	0.0	0	91022	0.0	0	74890	0.0	1	59864	1.6704530268608846e-05	0	63022	0.0	0	29528	0.0	0	6068	0.0	2	62330	3.2087277394513073e-05	0.2124	benign	benign	98.0	EXPOSED	-1.7993061766305949	True	benign	True	False	True
6-160122229-C-G	S98R	missense_variant		1	1610872	6.207817877522237e-07	1	1178396	8.486111629706821e-07	0	44808	0.0	0	90990	0.0	0	75000	0.0	0	59864	0.0	0	62988	0.0	0	29514	0.0	0	6046	0.0	0	62354	0.0	0.496	ambiguous	pathogenic	98.0	EXPOSED	-1.3364130088985342	True	ambiguous	True	False	True
6-160122229-C-A	S98R	missense_variant		13	1610872	8.070163240778907e-06	12	1178396	1.0183333955648189e-05	0	44808	0.0	0	90990	0.0	0	75000	0.0	0	59864	0.0	0	62988	0.0	0	29514	0.0	0	6046	0.0	1	62354	1.6037463514770503e-05	0.496	ambiguous	pathogenic	98.0	EXPOSED	-1.3364130088985342	True	ambiguous	True	False	True
6-160122240-G-T	C102F	missense_variant	rs764109170	1	1608672	6.216307612738955e-07	0	1176748	0.0	1	44750	2.23463687150838e-05	0	90952	0.0	0	74964	0.0	0	59710	0.0	0	62892	0.0	0	29472	0.0	0	6044	0.0	0	62228	0.0	0.7697	pathogenic	pathogenic	102.0	EXPOSED	-3.918471774682653	True	pathogenic	True	False	False
6-160122240-G-A	C102Y	missense_variant	rs764109170	1	1608674	6.216299884252497e-07	1	1176748	8.497996172502524e-07	0	44750	0.0	0	90952	0.0	0	74964	0.0	0	59710	0.0	0	62894	0.0	0	29472	0.0	0	6044	0.0	0	62228	0.0	0.8628	pathogenic	pathogenic	102.0	EXPOSED	-2.445098361847968	True	pathogenic	True	False	False
6-160122251-C-A	L106M	missense_variant	rs761669870	11	1603228	6.86115761451272e-06	6	1173198	5.1142262431405445e-06	0	44656	0.0	0	90654	0.0	0	74814	0.0	1	59144	1.690788583795482e-05	0	62638	0.0	0	29234	0.0	2	6022	0.0003321155762205	2	61956	3.22809735941636e-05	0.1951	benign	benign	106.0	CORE	-0.8793119348974007	True	benign	True	False	True
6-160122261-T-G	L109R	missense_variant	rs767174948	1	1600932	6.246361494429495e-07	0	1171940	0.0	0	44614	0.0	1	90448	1.1056076419600212e-05	0	74742	0.0	0	58816	0.0	0	62516	0.0	0	29090	0.0	0	6012	0.0	0	61842	0.0	0.1074	benign	benign	109.0	EXPOSED	-0.9561449958030482	True	benign	True	False	True
6-160122261-T-C	L109P	missense_variant	rs767174948	1	1600932	6.246361494429495e-07	1	1171940	8.532860044029558e-07	0	44614	0.0	0	90448	0.0	0	74742	0.0	0	58816	0.0	0	62516	0.0	0	29090	0.0	0	6012	0.0	0	61842	0.0	0.151	benign	benign	109.0	EXPOSED	-1.892594375731063	True	benign	True	False	True
6-160122271-C-A	N112K	missense_variant		0	1594630	0.0	0	1169544	0.0	0	44592	0.0	0	89832	0.0	0	74436	0.0	0	57218	0.0	0	62138	0.0	0	28482	0.0	0	5956	0.0	0	61520	0.0	0.2609	benign	benign	112.0	EXPOSED	-0.8197181312993718	True	benign	True	False	True
6-160122271-C-G	N112K	missense_variant		1	1594630	6.271047202172291e-07	1	1169544	8.550340987598585e-07	0	44592	0.0	0	89832	0.0	0	74436	0.0	0	57218	0.0	0	62138	0.0	0	28482	0.0	0	5956	0.0	0	61520	0.0	0.2609	benign	benign	112.0	EXPOSED	-0.8197181312993718	True	benign	True	False	True
6-160122282-T-A	L116Q	missense_variant	rs748565339	2	1588630	1.258946387768077e-06	2	1166592	1.7143954355935923e-06	0	44556	0.0	0	88682	0.0	0	74272	0.0	0	56430	0.0	0	61932	0.0	0	28012	0.0	0	5928	0.0	0	61314	0.0	0.2244	benign	benign	116.0	GREY	-1.7991089881037348	True	benign	True	False	True
6-160122296-T-C	C121R	missense_variant		0	1570632	0.0	0	1157762	0.0	0	44384	0.0	0	86412	0.0	0	73594	0.0	0	53304	0.0	0	61152	0.0	0	26844	0.0	0	5830	0.0	0	60438	0.0	0.9332	pathogenic	pathogenic	121.0	GREY	-3.44937459721453	True	pathogenic	True	False	False
6-160122297-G-T	C121F	missense_variant		1	1569494	6.371480235031163e-07	0	1157288	0.0	0	44374	0.0	1	86184	1.1603081778520374e-05	0	73556	0.0	0	53214	0.0	0	61006	0.0	0	26754	0.0	0	5826	0.0	0	60380	0.0	0.9077	pathogenic	pathogenic	121.0	GREY	-2.7767575360606327	True	pathogenic	True	False	False
6-160122297-G-A	C121Y	missense_variant		1	1569492	6.371488354193586e-07	1	1157288	8.640891463490506e-07	0	44374	0.0	0	86184	0.0	0	73556	0.0	0	53214	0.0	0	61004	0.0	0	26754	0.0	0	5826	0.0	0	60380	0.0	0.9415	pathogenic	pathogenic	121.0	GREY	-1.3567054844967594	True	pathogenic	True	False	False
6-160122306-G-T	G124V	missense_variant		1	1559158	6.413718173526994e-07	1	1152256	8.678626971784048e-07	0	44286	0.0	0	84728	0.0	0	73192	0.0	0	51530	0.0	0	60368	0.0	0	26192	0.0	0	5786	0.0	0	59908	0.0	0.5101	ambiguous	pathogenic	124.0	GREY	-2.4583824040411035	True	ambiguous	True	False	True
6-160122306-G-A	G124D	missense_variant	rs1461972056	7	1559038	4.489948288624139e-06	0	1152262	0.0	0	44298	0.0	0	84732	0.0	4	73070	5.474202819214452e-05	3	51510	5.824111822947e-05	0	60368	0.0	0	26192	0.0	0	5808	0.0	0	59886	0.0	0.3272	benign	benign	124.0	GREY	-1.458276230029684	True	benign	True	False	True
6-160122308-T-C	W125R	missense_variant		0	1558436	0.0	0	1151920	0.0	0	44278	0.0	0	84704	0.0	0	73146	0.0	0	51342	0.0	0	60362	0.0	0	26114	0.0	0	5786	0.0	0	59874	0.0	0.9222	pathogenic	pathogenic	125.0	GREY	-3.738758002560379	True	pathogenic	True	False	False
6-160122310-G-T	W125C	missense_variant	rs1290210327	5	1545664	3.2348556995569543e-06	0	1145998	0.0	0	44130	0.0	0	82882	0.0	5	72494	6.897122520484453e-05	0	48824	0.0	0	59800	0.0	0	25572	0.0	0	5750	0.0	0	59302	0.0	0.9779	pathogenic	pathogenic	125.0	GREY	-2.636431351635057	True	pathogenic	True	False	False
6-160122312-T-G	V126G	missense_variant		1	1543626	6.478253151994071e-07	0	1145058	0.0	0	44086	0.0	1	82476	1.212473931810466e-05	0	72510	0.0	0	48650	0.0	0	59562	0.0	0	25414	0.0	0	5714	0.0	0	59244	0.0	0.1582	benign	benign	126.0	GREY	-2.8281004391895603	True	benign	True	False	True
6-160122314-T-C	Y127H	missense_variant	rs1283648692	3	1542386	1.945038401541508e-06	0	1144426	0.0	0	44088	0.0	2	82164	2.434156078087727e-05	0	72562	0.0	0	48640	0.0	0	59374	0.0	0	25264	0.0	0	5710	0.0	1	59246	1.687877662627013e-05	0.584	pathogenic	pathogenic	127.0	GREY	-1.934425546493843	True	pathogenic	True	False	False
6-160122326-G-A	G131S	missense_variant	rs750183710	27	1523556	1.7721698447579217e-05	5	1136240	4.400478772090403e-06	0	43948	0.0	3	78700	3.811944091486658e-05	13	71928	0.0001807362918474	0	45976	0.0	0	57424	0.0	0	24292	0.0	0	5666	0.0	6	58470	0.0001026167265264	0.1169	benign	benign	131.0	GREY	-0.9743272586476028	True	benign	True	False	True
6-160122326-G-T	G131C	missense_variant		1	1523674	6.563083704256948e-07	1	1136232	8.80101951010005e-07	0	43936	0.0	0	78696	0.0	0	72050	0.0	0	45996	0.0	0	57424	0.0	0	24292	0.0	0	5644	0.0	0	58492	0.0	0.3865	ambiguous	ambiguous	131.0	GREY	-1.8649403346704856	True	ambiguous	True	False	True
6-160122327-G-A	G131D	missense_variant		0	1522882	0.0	0	1135860	0.0	0	43938	0.0	0	78560	0.0	0	72048	0.0	0	45940	0.0	0	57288	0.0	0	24234	0.0	0	5636	0.0	0	58466	0.0	0.2025	benign	benign	131.0	GREY	-1.3743183432144572	True	benign	True	False	True
6-160122329-T-C	S132P	missense_variant	rs1408188894	1	1516862	6.592557529953285e-07	1	1133262	8.824084810043927e-07	0	43920	0.0	0	77378	0.0	0	71780	0.0	0	45332	0.0	0	56456	0.0	0	23962	0.0	0	5636	0.0	0	58226	0.0	0.1842	benign	benign	132.0	GREY	-0.9074266431889856	True	benign	True	False	True
6-160122330-C-A	S132Y	missense_variant		1	1516688	6.593313852288671e-07	1	1133026	8.825922794357764e-07	0	43912	0.0	0	77358	0.0	0	71892	0.0	0	45358	0.0	0	56434	0.0	0	23942	0.0	0	5612	0.0	0	58242	0.0	0.1798	benign	benign	132.0	GREY	-1.3486192157738957	True	benign	True	False	True
6-160122330-C-T	S132F	missense_variant	rs766605382	28	1516570	1.846271520602412e-05	21	1133034	1.8534307002261184e-05	0	43924	0.0	5	77362	6.46312142912541e-05	1	71770	1.3933398355858994e-05	1	45338	2.2056553001896866e-05	0	56434	0.0	0	23942	0.0	0	5634	0.0	0	58220	0.0	0.2121	benign	benign	132.0	GREY	-1.769044749277082	True	benign	True	False	True
6-160122333-C-A	S133Y	missense_variant		0	1514938	0.0	0	1132210	0.0	0	43892	0.0	0	76982	0.0	0	71884	0.0	0	45250	0.0	0	56104	0.0	0	23906	0.0	0	5598	0.0	0	58200	0.0	0.8468	pathogenic	pathogenic	133.0	CORE	-2.6772212384247926	True	pathogenic	True	False	False
6-160122338-G-A	V135I	missense_variant	rs532477464	29	1508434	1.9225236238377015e-05	22	1129612	1.9475713784910212e-05	2	43842	4.56183568267871e-05	0	75556	0.0	2	71748	2.7875341472933043e-05	3	44722	6.708107866374491e-05	0	54838	0.0	0	23678	0.0	0	5578	0.0	0	57948	0.0	0.1393	benign	benign	135.0	CORE	-1.918502706489832	True	benign	True	False	True
6-160122338-G-C	V135L	missense_variant		1	1508434	6.629391806336903e-07	1	1129612	8.85259717495919e-07	0	43842	0.0	0	75556	0.0	0	71748	0.0	0	44722	0.0	0	54838	0.0	0	23678	0.0	0	5578	0.0	0	57948	0.0	0.6389	pathogenic	pathogenic	135.0	CORE	-3.5846964223494138	True	pathogenic	True	False	False
6-160122342-C-T	T136I	missense_variant	rs765183333	5	1507030	3.3177839857202576e-06	0	1129062	0.0	5	43844	0.000114040689718	0	75304	0.0	0	71758	0.0	0	44640	0.0	0	54402	0.0	0	23592	0.0	0	5580	0.0	0	57936	0.0	0.6107	pathogenic	pathogenic	136.0	GREY	-3.0129587710734427	True	pathogenic	True	False	False
6-160130105-T-C	F138S	missense_variant	rs1436030105	1	1613926	6.196070947490777e-07	0	1179950	0.0	0	44866	0.0	0	91060	0.0	0	74958	0.0	1	60002	1.6666111129629014e-05	0	64022	0.0	0	29602	0.0	0	6056	0.0	0	62498	0.0	0.8865	pathogenic	pathogenic	138.0	GREY	-3.802018400577204	True	pathogenic	True	False	False
6-160130108-A-G	N139S	missense_variant	rs1698824805	1	1612724	6.200689020563965e-07	1	1179788	8.476099095769748e-07	0	44816	0.0	0	91030	0.0	0	74504	0.0	0	59768	0.0	0	63760	0.0	0	29606	0.0	0	6054	0.0	0	62486	0.0	0.0878	benign	benign	139.0	EXPOSED	-1.055495555643206	True	benign	True	False	True
6-160130113-G-T	V141L	missense_variant	rs1291297490	5	1613816	3.098246640261343e-06	1	1179972	8.474777367598553e-07	0	44852	0.0	2	91036	2.19693308141834e-05	0	74928	0.0	2	59976	3.3346672002134185e-05	0	63972	0.0	0	29604	0.0	0	6060	0.0	0	62504	0.0	0.6203	pathogenic	pathogenic	141.0	CORE	-1.920246617560302	True	pathogenic	True	False	False
6-160130114-T-G	V141G	missense_variant	rs1780352992	10	1613950	6.19597880975247e-06	10	1179988	8.47466245419445e-06	0	44856	0.0	0	91050	0.0	0	74956	0.0	0	59982	0.0	0	64036	0.0	0	29606	0.0	0	6060	0.0	0	62504	0.0	0.4743	ambiguous	ambiguous	141.0	CORE	-4.064798721255898	True	ambiguous	True	False	True
6-160130117-G-A	C142Y	missense_variant	rs752041403	2	1613876	1.2392525819827545e-06	0	1179998	0.0	1	44848	2.2297538351765965e-05	1	91064	1.0981287885443203e-05	0	74922	0.0	0	59968	0.0	0	63994	0.0	0	29608	0.0	0	6058	0.0	0	62504	0.0	0.9429	pathogenic	pathogenic	142.0	GREY	-3.8005192695377312	True	pathogenic	True	False	False
6-160130126-C-G	S145C	missense_variant	rs1190038613	3	1613472	1.8593443208187064e-06	3	1180006	2.5423599541019283e-06	0	44826	0.0	0	91050	0.0	0	74700	0.0	0	59890	0.0	0	63922	0.0	0	29604	0.0	0	6084	0.0	0	62478	0.0	0.2989	benign	benign	145.0	GREY	-2.617656187959623	True	benign	True	False	True
6-160130126-C-T	S145F	missense_variant	rs1190038613	3	1613472	1.8593443208187064e-06	2	1180006	1.6949066360679522e-06	0	44826	0.0	0	91050	0.0	0	74700	0.0	1	59890	1.6697278343629988e-05	0	63922	0.0	0	29604	0.0	0	6084	0.0	0	62478	0.0	0.3147	benign	benign	145.0	GREY	-1.9944613605786807	True	benign	True	False	True
6-160130131-A-G	K147E	missense_variant	rs1583327554	2	1612590	1.240240854773997e-06	0	1179826	0.0	2	44798	4.464485021652752e-05	0	91036	0.0	0	74456	0.0	0	59736	0.0	0	63690	0.0	0	29604	0.0	0	6058	0.0	0	62474	0.0	0.4486	ambiguous	ambiguous	147.0	GREY	-1.6901636064822565	True	ambiguous	True	False	True
6-160130135-T-C	L148P	missense_variant		1	1614058	6.195564223838301e-07	1	1180022	8.474418273557612e-07	0	44868	0.0	0	91058	0.0	0	74992	0.0	0	60004	0.0	0	64028	0.0	0	29606	0.0	0	6062	0.0	0	62506	0.0	0.2893	benign	benign	148.0	GREY	-2.982027220578347	True	benign	True	False	True
6-160130150-C-A	S153Y	missense_variant	rs748995196	1	1613700	6.196938712276136e-07	0	1179978	0.0	0	44852	0.0	1	91052	1.0982735140359354e-05	0	74860	0.0	0	59948	0.0	0	63934	0.0	0	29604	0.0	0	6062	0.0	0	62498	0.0	0.7022	pathogenic	pathogenic	153.0	CORE	-1.0225862538718993	True	pathogenic	True	False	False
6-160130153-G-A	C154Y	missense_variant		1	1613890	6.196209159236379e-07	0	1179996	0.0	0	44866	0.0	0	91052	0.0	1	74932	1.3345433192761435e-05	0	59978	0.0	0	63988	0.0	0	29606	0.0	0	6062	0.0	0	62498	0.0	0.5398	ambiguous	pathogenic	154.0	GREY	-1.0051590171152214	True	ambiguous	True	False	True
6-160130160-T-G	N156K	missense_variant		2	1613916	1.239221867804768e-06	2	1179986	1.6949353636399077e-06	0	44856	0.0	0	91052	0.0	0	74926	0.0	0	60002	0.0	0	64018	0.0	0	29602	0.0	0	6062	0.0	0	62500	0.0	0.8253	pathogenic	pathogenic	156.0	CORE	-1.042689142929645	True	pathogenic	True	False	False
6-160130162-C-A	A157E	missense_variant		0	1613670	0.0	0	1179962	0.0	0	44852	0.0	0	91026	0.0	0	74866	0.0	0	59954	0.0	0	63934	0.0	0	29606	0.0	0	6060	0.0	0	62498	0.0	0.7905	pathogenic	pathogenic	157.0	GREY	-2.74808286110794	True	pathogenic	True	False	False
6-160130165-G-T	G158V	missense_variant		1	1613922	6.196086304046912e-07	1	1179988	8.47466245419445e-07	0	44866	0.0	0	91062	0.0	0	74952	0.0	0	60006	0.0	0	63970	0.0	0	29602	0.0	0	6062	0.0	0	62502	0.0	0.739	pathogenic	pathogenic	158.0	CORE	-2.15973303031654	True	pathogenic	True	False	False
6-160130167-T-G	F159V	missense_variant	rs1780357050	1	1614004	6.19577150985995e-07	1	1180006	8.474533180339761e-07	0	44874	0.0	0	91054	0.0	0	74956	0.0	0	60008	0.0	0	64022	0.0	0	29604	0.0	0	6062	0.0	0	62506	0.0	0.494	ambiguous	pathogenic	159.0	CORE	-1.1966178571296724	True	ambiguous	True	False	True
6-160130168-T-G	F159C	missense_variant		1	1613972	6.195894352566215e-07	1	1179994	8.474619362471334e-07	0	44870	0.0	0	91058	0.0	0	74958	0.0	0	60002	0.0	0	64014	0.0	0	29600	0.0	0	6062	0.0	0	62502	0.0	0.5436	ambiguous	pathogenic	159.0	CORE	-1.0707430455386833	True	ambiguous	True	False	True
6-160130177-G-T	G162V	missense_variant	rs563332121	2	1613876	1.2392525819827545e-06	1	1179964	8.474834825469252e-07	0	44858	0.0	0	91036	0.0	0	74952	0.0	0	59998	0.0	0	63982	0.0	0	29606	0.0	0	6062	0.0	1	62506	1.5998464147441847e-05	0.7677	pathogenic	pathogenic	162.0	CORE	-3.231566442761462	True	pathogenic	True	False	False
6-160130177-G-A	G162D	missense_variant	rs563332121	3	1613876	1.858878872974132e-06	0	1179964	0.0	0	44858	0.0	0	91036	0.0	0	74952	0.0	3	59998	5.000166672222407e-05	0	63982	0.0	0	29606	0.0	0	6062	0.0	0	62506	0.0	0.9556	pathogenic	pathogenic	162.0	CORE	-1.588449636336195	True	pathogenic	True	False	False
6-160130179-T-C	S163P	missense_variant	rs1227054282	8	1613718	4.957495671486592e-06	0	1179986	0.0	0	44870	0.0	0	91044	0.0	8	74794	0.0001069604513731	0	59966	0.0	0	63980	0.0	0	29606	0.0	0	6084	0.0	0	62478	0.0	0.6547	pathogenic	pathogenic	163.0	CORE	-2.6578772796617733	True	pathogenic	True	False	False
6-160130180-C-T	S163F	missense_variant		2	1613950	1.239195761950494e-06	2	1180008	1.694903763364316e-06	0	44880	0.0	0	91060	0.0	0	74940	0.0	0	60002	0.0	0	63978	0.0	0	29608	0.0	0	6062	0.0	0	62504	0.0	0.541	ambiguous	pathogenic	163.0	CORE	-2.205811600683865	True	ambiguous	True	False	True
6-160130180-C-G	S163C	missense_variant	rs776380900	3	1613950	1.8587936429257413e-06	1	1180008	8.474518816821581e-07	0	44880	0.0	1	91060	1.0981770261366133e-05	0	74940	0.0	0	60002	0.0	1	63978	1.5630372940698364e-05	0	29608	0.0	0	6062	0.0	0	62504	0.0	0.1807	benign	benign	163.0	CORE	-1.1594116790167377	True	benign	True	False	True
6-160130186-G-A	G165D	missense_variant	rs1045389610	2	1613852	1.2392710112203598e-06	1	1180002	8.474561907522191e-07	0	44892	0.0	0	91052	0.0	0	74864	0.0	1	59990	1.666944490748458e-05	0	63970	0.0	0	29604	0.0	0	6084	0.0	0	62482	0.0	0.7728	pathogenic	pathogenic	165.0	GREY	-2.319254626754691	True	pathogenic	True	False	False
6-160130192-G-A	G167D	missense_variant	rs1464141419	4	1613854	2.4785389508592477e-06	0	1179948	0.0	0	44868	0.0	4	91054	4.3929975618863535e-05	0	74956	0.0	0	59988	0.0	0	63954	0.0	0	29606	0.0	0	6062	0.0	0	62508	0.0	0.8918	pathogenic	pathogenic	167.0	GREY	-1.9704236885383657	True	pathogenic	True	False	False
6-160130192-G-T	G167V	missense_variant		1	1613852	6.196355056101799e-07	0	1179948	0.0	0	44868	0.0	1	91054	1.0982493904715884e-05	0	74956	0.0	0	59988	0.0	0	63952	0.0	0	29606	0.0	0	6062	0.0	0	62508	0.0	0.6347	pathogenic	pathogenic	167.0	GREY	-3.264363225452632	True	pathogenic	True	False	False
6-160130194-T-C	Y168H	missense_variant	rs775723458	39	1613670	2.4168510290208034e-05	0	1179868	0.0	0	44870	0.0	0	91054	0.0	0	74846	0.0	34	59972	0.0005669312345761	0	63984	0.0	0	29602	0.0	0	6084	0.0	5	62478	8.002816991581037e-05	0.2811	benign	benign	168.0	GREY	-1.983045452473424	True	benign	True	False	True
6-160130195-A-G	Y168C	missense_variant	rs905547029	66	1613220	4.091196489009559e-05	62	1179700	5.255573450877342e-05	0	44826	0.0	0	91016	0.0	1	74730	1.3381506757660912e-05	0	59946	0.0	0	63938	0.0	0	29600	0.0	0	6084	0.0	3	62472	4.802151363810988e-05	0.1284	benign	benign	168.0	GREY	-2.5008760767074723	True	benign	True	False	True
6-160130201-C-G	A170G	missense_variant	rs1780360388	2	1613074	1.2398687226996406e-06	2	1179456	1.69569699929459e-06	0	44874	0.0	0	91026	0.0	0	74778	0.0	0	59966	0.0	0	63914	0.0	0	29604	0.0	0	6084	0.0	0	62462	0.0	0.2298	benign	benign	170.0	CORE	-1.815558205504824	True	benign	True	False	True
6-160130201-C-A	A170E	missense_variant		0	1613190	0.0	0	1179446	0.0	0	44862	0.0	0	91022	0.0	0	74900	0.0	0	59986	0.0	0	63914	0.0	0	29604	0.0	0	6062	0.0	0	62484	0.0	0.8466	pathogenic	pathogenic	170.0	CORE	-2.0409498461201387	True	pathogenic	True	False	False
6-160130207-G-T	R172M	missense_variant		0	1608676	0.0	0	1175390	0.0	0	44862	0.0	0	90948	0.0	0	74746	0.0	0	59958	0.0	0	63928	0.0	0	29576	0.0	0	6074	0.0	0	62282	0.0	0.3982	ambiguous	ambiguous	172.0	EXPOSED	-1.006101715213974	True	ambiguous	True	False	True
6-160130207-G-C	R172T	missense_variant		1	1608806	6.215789846631601e-07	0	1175392	0.0	0	44850	0.0	0	90944	0.0	0	74868	0.0	0	59978	0.0	0	63928	0.0	0	29576	0.0	1	6052	0.0001652346331791	0	62306	0.0	0.362	ambiguous	ambiguous	172.0	EXPOSED	-0.8216337033793788	True	ambiguous	True	False	True
6-160132232-G-T	R172S	missense_variant	rs1306579512	3	1570268	1.910501901586226e-06	2	1154838	1.7318446396810635e-06	0	42838	0.0	0	84388	0.0	1	73856	1.3539861351819757e-05	0	55546	0.0	0	63264	0.0	0	28028	0.0	0	5912	0.0	0	60686	0.0	0.5759	pathogenic	pathogenic	172.0	EXPOSED	-1.2231550589127582	True	pathogenic	True	False	False
6-160132237-G-T	G174V	missense_variant		2	1576884	1.2683241126170347e-06	1	1159050	8.62775548940943e-07	0	43026	0.0	0	85258	0.0	0	73988	0.0	0	56100	0.0	0	63398	0.0	0	28280	0.0	0	5946	0.0	1	60926	1.6413353904736893e-05	0.9612	pathogenic	pathogenic	174.0	CORE	-4.018986305664978	True	pathogenic	True	False	False
6-160132237-G-A	G174D	missense_variant		3	1576882	1.9024885818976944e-06	3	1159048	2.588331113120423e-06	0	43026	0.0	0	85258	0.0	0	73988	0.0	0	56100	0.0	0	63398	0.0	0	28280	0.0	0	5946	0.0	0	60926	0.0	0.9379	pathogenic	pathogenic	174.0	CORE	-2.5934911292908933	True	pathogenic	True	False	False
6-160132239-C-T	R175C	missense_variant	rs768905186	10	1579074	6.332825440732986e-06	4	1160580	3.446552585776077e-06	1	43168	2.31653076352854e-05	2	85582	2.336940010749924e-05	1	73950	1.352265043948614e-05	2	56114	3.5641729336707415e-05	0	63468	0.0	0	28364	0.0	0	5956	0.0	0	60982	0.0	0.6191	pathogenic	pathogenic	175.0	GREY	-2.80901203074304	True	pathogenic	True	False	False
6-160132239-C-A	R175S	missense_variant		0	1579190	0.0	0	1160572	0.0	0	43156	0.0	0	85578	0.0	0	74072	0.0	0	56134	0.0	0	63468	0.0	0	28362	0.0	0	5934	0.0	0	61004	0.0	0.9652	pathogenic	pathogenic	175.0	GREY	-3.979301327633719	True	pathogenic	True	False	False
6-160132240-G-T	R175L	missense_variant	rs144273196	1	1578790	6.333964618473642e-07	0	1160240	0.0	0	43090	0.0	0	85654	0.0	0	74034	0.0	0	56070	0.0	1	63458	1.575845441079139e-05	0	28386	0.0	0	5936	0.0	0	61010	0.0	0.8104	pathogenic	pathogenic	175.0	GREY	-1.7280349687373997	True	pathogenic	True	False	False
6-160132240-G-A	R175H	missense_variant	rs144273196	111	1578786	7.03071853943473e-05	52	1160240	4.481831345238916e-05	15	43090	0.0003481086098862	2	85654	2.334975599504985e-05	2	74032	2.701534471579857e-05	0	56070	0.0	26	63456	0.0004097327281896	0	28386	0.0	0	5936	0.0	14	61010	0.0002294705785936	0.5891	pathogenic	pathogenic	175.0	GREY	-1.9735826900272533	True	pathogenic	True	False	False
6-160132242-A-G	K176E	missense_variant		2	1580768	1.265207797728699e-06	1	1161320	8.610891055006372e-07	0	43138	0.0	0	86058	0.0	0	74062	0.0	0	56254	0.0	0	63516	0.0	0	28534	0.0	0	5948	0.0	1	61026	1.6386458230917968e-05	0.6601	pathogenic	pathogenic	176.0	GREY	-3.158971709484096	True	pathogenic	True	False	False
6-160132244-G-T	K176N	missense_variant	rs201525485	0	1583428	0.0	0	1162928	0.0	0	43190	0.0	0	86372	0.0	0	74176	0.0	0	56534	0.0	0	63574	0.0	0	28664	0.0	0	5960	0.0	0	61118	0.0	0.8422	pathogenic	pathogenic	176.0	GREY	-2.797474974211926	True	pathogenic	True	False	False
6-160132248-T-C	C178R	missense_variant		0	1585346	0.0	0	1164180	0.0	0	43192	0.0	0	86646	0.0	0	74200	0.0	0	56612	0.0	0	63630	0.0	0	28762	0.0	0	5976	0.0	0	61236	0.0	0.9303	pathogenic	pathogenic	178.0	CORE	-4.469755811791757	True	pathogenic	True	False	False
6-160132252-T-A	L179H	missense_variant	rs1344255649	0	1589510	0.0	0	1166956	0.0	0	43376	0.0	0	87056	0.0	0	74280	0.0	0	56946	0.0	0	63688	0.0	0	28860	0.0	0	6000	0.0	0	61436	0.0	0.6935	pathogenic	pathogenic	179.0	CORE	-3.3441075048547835	True	pathogenic	True	False	False
6-160132255-T-C	L180P	missense_variant	rs1780476293	1	1593718	6.274635788765642e-07	0	1169350	0.0	0	43526	0.0	0	87654	0.0	0	74456	0.0	1	57376	1.7428890128276632e-05	0	63768	0.0	0	28998	0.0	0	6012	0.0	0	61666	0.0	0.5974	pathogenic	pathogenic	180.0	GREY	-2.5315989134481285	True	pathogenic	True	False	False
6-160132257-G-A	G181R	missense_variant	rs1780476495	1	1592850	6.278055058542863e-07	1	1168806	8.555739789152348e-07	0	43480	0.0	0	87610	0.0	0	74400	0.0	0	57330	0.0	0	63754	0.0	0	28966	0.0	0	6018	0.0	0	61574	0.0	0.6508	pathogenic	pathogenic	181.0	GREY	-3.837564081533494	True	pathogenic	True	False	False
6-160132257-G-C	G181R	missense_variant		1	1592850	6.278055058542863e-07	1	1168806	8.555739789152348e-07	0	43480	0.0	0	87610	0.0	0	74400	0.0	0	57330	0.0	0	63754	0.0	0	28966	0.0	0	6018	0.0	0	61574	0.0	0.6508	pathogenic	pathogenic	181.0	GREY	-3.837564081533494	True	pathogenic	True	False	False
6-160132258-G-A	G181E	missense_variant	rs147388201	6	1595920	3.759586946714121e-06	3	1170696	2.562578158633838e-06	0	43620	0.0	0	87954	0.0	3	74412	4.031607805192711e-05	0	57646	0.0	0	63810	0.0	0	29072	0.0	0	6050	0.0	0	61748	0.0	0.5695	pathogenic	pathogenic	181.0	GREY	-1.973105926856249	True	pathogenic	True	False	False
6-160132261-C-T	T182I	missense_variant	rs1452029826	1	1597410	6.260133591250838e-07	0	1171432	0.0	0	43754	0.0	0	88142	0.0	0	74576	0.0	1	57808	1.729864378632715e-05	0	63824	0.0	0	29128	0.0	0	6030	0.0	0	61804	0.0	0.4481	ambiguous	ambiguous	182.0	CORE	-1.93145823248577	True	ambiguous	True	False	True
6-160132261-C-A	T182N	missense_variant		1	1597410	6.260133591250838e-07	1	1171432	8.536560380798885e-07	0	43754	0.0	0	88142	0.0	0	74576	0.0	0	57808	0.0	0	63824	0.0	0	29128	0.0	0	6030	0.0	0	61804	0.0	0.288	benign	benign	182.0	CORE	-3.516499578939401	True	benign	True	False	True
6-160132276-C-A	A187E	missense_variant	rs374227992	1	1607034	6.222643702622346e-07	0	1176730	0.0	0	44476	0.0	0	89494	0.0	1	74798	1.3369341426241344e-05	0	58912	0.0	0	63976	0.0	0	29428	0.0	0	6058	0.0	0	62250	0.0	0.8248	pathogenic	pathogenic	187.0	CORE	-2.896195997338665	True	pathogenic	True	False	False
6-160132285-G-T	G190V	missense_variant	rs755967668	6	1608592	3.7299700607736457e-06	6	1177528	5.095420236291621e-06	0	44536	0.0	0	89734	0.0	0	74958	0.0	0	59066	0.0	0	64008	0.0	0	29492	0.0	0	6042	0.0	0	62316	0.0	0.5717	pathogenic	pathogenic	190.0	CORE	-2.1836717696494787	True	pathogenic	True	False	False
6-160132285-G-A	G190D	missense_variant	rs755967668	6	1608474	3.7302436968207135e-06	6	1177536	5.09538561878363e-06	0	44548	0.0	0	89738	0.0	0	74836	0.0	0	59046	0.0	0	64008	0.0	0	29492	0.0	0	6064	0.0	0	62294	0.0	0.834	pathogenic	pathogenic	190.0	CORE	-1.4453244768391191	True	pathogenic	True	False	False
6-160132310-C-A	N198K	missense_variant	rs777051407	1	1611096	6.206954768679209e-07	0	1178690	0.0	0	44732	0.0	0	90234	0.0	0	75018	0.0	1	59508	1.68044632654433e-05	0	64018	0.0	0	29546	0.0	0	6052	0.0	0	62386	0.0	0.4303	ambiguous	ambiguous	198.0	EXPOSED	-3.1214031004279006	True	ambiguous	True	False	True
6-160132312-A-G	Y199C	missense_variant	rs1186733219	2	1610734	1.241669946744776e-06	2	1178574	1.6969659944984362e-06	0	44726	0.0	0	90222	0.0	0	74850	0.0	0	59474	0.0	0	64008	0.0	0	29542	0.0	0	6078	0.0	0	62350	0.0	0.5178	ambiguous	pathogenic	199.0	CORE	-3.203471078080568	True	ambiguous	True	False	True
6-160132332-C-T	R206C	missense_variant	rs756787089	35	1610588	2.1731193824863964e-05	21	1178482	1.7819533942817965e-05	7	44696	0.0001566135672095	1	90112	1.1097301136363637e-05	1	74980	1.3336889837289943e-05	0	59422	0.0	0	64020	0.0	1	29530	3.3863867253640366e-05	1	6054	0.0001651800462504	3	62382	4.809079542175628e-05	0.2693	benign	benign	206.0	CORE	-1.505952036241989	True	benign	True	False	True
6-160132332-C-A	R206S	missense_variant	rs756787089	3	1610588	1.8626737564169112e-06	3	1178482	2.545647706116852e-06	0	44696	0.0	0	90112	0.0	0	74980	0.0	0	59422	0.0	0	64020	0.0	0	29530	0.0	0	6054	0.0	0	62382	0.0	0.9041	pathogenic	pathogenic	206.0	CORE	-1.7627832149846594	True	pathogenic	True	False	False
6-160132333-G-T	R206L	missense_variant		1	1610376	6.209729901588201e-07	1	1178390	8.486154838381181e-07	0	44686	0.0	0	90086	0.0	0	74922	0.0	0	59402	0.0	0	64004	0.0	0	29526	0.0	0	6052	0.0	0	62398	0.0	0.6457	pathogenic	pathogenic	206.0	CORE	-1.7544546317371124	True	pathogenic	True	False	False
6-160132333-G-A	R206H	missense_variant	rs1175649502	4	1610258	2.484073980691293e-06	1	1178398	8.486097226913149e-07	0	44698	0.0	0	90090	0.0	1	74800	1.336898395721925e-05	0	59382	0.0	0	64004	0.0	0	29526	0.0	0	6074	0.0	2	62376	3.206361421059382e-05	0.3153	benign	benign	206.0	CORE	-0.950937290537783	True	benign	True	False	True
6-160132348-T-C	L211P	missense_variant		3	1609836	1.863543864095473e-06	1	1178114	8.488142913164601e-07	0	44670	0.0	0	89966	0.0	0	74946	0.0	0	59330	0.0	0	63988	0.0	0	29496	0.0	0	6044	0.0	2	62370	3.20666987333654e-05	0.7293	pathogenic	pathogenic	211.0	GREY	-2.71801476949783	True	pathogenic	True	False	False
6-160132350-G-A	V212I	missense_variant		0	1609636	0.0	0	1178014	0.0	0	44660	0.0	0	89930	0.0	0	74940	0.0	0	59302	0.0	0	63982	0.0	0	29488	0.0	0	6044	0.0	0	62364	0.0	0.1163	benign	benign	212.0	CORE	-1.6702502693061945	True	benign	True	False	True
6-160132353-A-C	S213R	missense_variant		1	1609580	6.212800854881397e-07	0	1177960	0.0	0	44664	0.0	0	89912	0.0	1	74954	1.3341516129893002e-05	0	59314	0.0	0	63990	0.0	0	29476	0.0	0	6042	0.0	0	62356	0.0	0.9485	pathogenic	pathogenic	213.0	CORE	-2.1332052726030426	True	pathogenic	True	False	False
6-160132354-G-A	S213N	missense_variant		0	1609126	0.0	0	1177746	0.0	0	44636	0.0	0	89850	0.0	0	74938	0.0	0	59240	0.0	0	63974	0.0	0	29462	0.0	0	6044	0.0	0	62328	0.0	0.436	ambiguous	ambiguous	213.0	CORE	-2.51883874747814	True	ambiguous	True	False	True
6-160132355-C-A	S213R	missense_variant		0	1608924	0.0	0	1177576	0.0	0	44650	0.0	0	89826	0.0	0	74948	0.0	0	59256	0.0	0	63972	0.0	0	29434	0.0	0	6040	0.0	0	62312	0.0	0.9485	pathogenic	pathogenic	213.0	CORE	-2.1332052726030426	True	pathogenic	True	False	False
6-160132358-G-T	K214N	missense_variant		0	1609106	0.0	0	1177736	0.0	0	44660	0.0	0	89800	0.0	0	74946	0.0	0	59258	0.0	0	63974	0.0	0	29444	0.0	0	6044	0.0	0	62332	0.0	0.9039	pathogenic	pathogenic	214.0	GREY	-4.534519333556218	True	pathogenic	True	False	False
6-160132364-C-A	N216K	missense_variant	rs749123645	1	1607994	6.218928677594568e-07	0	1177094	0.0	0	44652	0.0	1	89622	1.11579746044498e-05	0	74902	0.0	0	59220	0.0	0	63918	0.0	0	29350	0.0	0	6042	0.0	0	62282	0.0	0.685	pathogenic	pathogenic	216.0	CORE	-2.040924245819917	True	pathogenic	True	False	False
6-160132375-G-T	G220V	missense_variant	rs36103319	222	1606202	0.0001382142470249	72	1176050	6.122188682453978e-05	0	44672	0.0	0	89306	0.0	89	74894	0.0011883461959569	45	59118	0.0007611894854359	0	63830	0.0	0	29180	0.0	1	6028	0.0001658925016589	15	62212	0.0002411110396708	0.435	ambiguous	ambiguous	220.0	CORE	-3.047858497099649	True	ambiguous	True	False	True
6-160132381-C-A	T222N	missense_variant		0	1602224	0.0	0	1173772	0.0	0	44536	0.0	0	88662	0.0	0	74832	0.0	0	58822	0.0	0	63706	0.0	0	28950	0.0	0	6002	0.0	0	62030	0.0	0.3592	ambiguous	ambiguous	222.0	GREY	-0.8201393219764449	True	ambiguous	True	False	True
6-160132383-C-G	L223V	missense_variant	rs1035179872	1	1601370	6.244653015855174e-07	0	1173394	0.0	0	44532	0.0	0	88460	0.0	1	74700	1.3386880856760374e-05	0	58756	0.0	0	63676	0.0	0	28910	0.0	0	6020	0.0	0	62010	0.0	0.1993	benign	benign	223.0	CORE	-1.6426233967139217	True	benign	True	False	True
6-160132384-T-C	L223P	missense_variant	rs779310155	2	1600000	1.25e-06	0	1172710	0.0	2	44504	4.493978069387021e-05	0	88198	0.0	0	74640	0.0	0	58624	0.0	0	63604	0.0	0	28824	0.0	0	6020	0.0	0	61964	0.0	0.9476	pathogenic	pathogenic	223.0	CORE	-1.4777825211556326	True	pathogenic	True	False	False
6-160133962-G-A	E226K	missense_variant		1	1610384	6.209699053145088e-07	0	1178396	0.0	1	44684	2.2379375167845317e-05	0	90812	0.0	0	74774	0.0	0	59258	0.0	0	63958	0.0	0	29306	0.0	0	6018	0.0	0	62266	0.0	0.9219	pathogenic	pathogenic	226.0	GREY	-3.290593141377937	True	pathogenic	True	False	False
6-160133984-G-C	R233T	missense_variant		1	1613014	6.199574213243034e-07	0	1179484	0.0	0	44810	0.0	1	91036	1.09846654070917e-05	0	74968	0.0	0	59814	0.0	0	64004	0.0	0	29512	0.0	0	6046	0.0	0	62428	0.0	0.7793	pathogenic	pathogenic	233.0	GREY	-1.981766355502712	True	pathogenic	True	False	False
6-160133984-G-A	R233K	missense_variant		8	1613014	4.959659370594427e-06	5	1179484	4.239141862034585e-06	0	44810	0.0	0	91036	0.0	0	74968	0.0	0	59814	0.0	0	64004	0.0	0	29512	0.0	0	6046	0.0	3	62428	4.8055359774460176e-05	0.4131	ambiguous	ambiguous	233.0	GREY	-1.6781892805248513	True	ambiguous	True	False	True
6-160133996-C-A	A237E	missense_variant	rs201454956	136	1613272	8.430072548212577e-05	1	1179590	8.477521850812571e-07	0	44808	0.0	128	91034	0.0014060680624821	0	74968	0.0	0	59910	0.0	0	64022	0.0	0	29536	0.0	1	6050	0.0001652892561983	6	62442	9.608917075045644e-05	0.799	pathogenic	pathogenic	237.0	CORE	-3.1233321713029643	True	pathogenic	True	False	False
6-160133999-T-A	I238N	missense_variant		1	1613304	6.198459806707229e-07	1	1179630	8.477234387053568e-07	0	44804	0.0	0	91046	0.0	0	74914	0.0	0	59934	0.0	0	64008	0.0	0	29548	0.0	0	6054	0.0	0	62454	0.0	0.54	ambiguous	pathogenic	238.0	CORE	-2.349238515797272	True	ambiguous	True	False	True
6-160134002-T-A	M239K	missense_variant		1	1613730	6.196823508269661e-07	0	1179796	0.0	0	44856	0.0	0	91068	0.0	0	75024	0.0	0	59960	0.0	0	64034	0.0	0	29562	0.0	1	6054	0.0001651800462504	0	62466	0.0	0.3573	ambiguous	ambiguous	239.0	GREY	-1.9155906138913903	True	ambiguous	True	False	True
6-160134020-C-T	T245M	missense_variant	rs1441577213	3	1613866	1.858890391147716e-06	2	1179858	1.6951192431631605e-06	1	44862	2.2290580000891622e-05	0	91072	0.0	0	75034	0.0	0	59980	0.0	0	64042	0.0	0	29572	0.0	0	6056	0.0	0	62478	0.0	0.2219	benign	benign	245.0	CORE	-1.1185297855026817	True	benign	True	False	True
6-160134026-G-T	G247V	missense_variant		2	1613972	1.239178870513243e-06	2	1179892	1.6950703962735572e-06	0	44878	0.0	0	91082	0.0	0	75040	0.0	0	60000	0.0	0	64042	0.0	0	29578	0.0	0	6058	0.0	0	62490	0.0	0.7742	pathogenic	pathogenic	247.0	CORE	-3.3599167458541355	True	pathogenic	True	False	False
6-160134038-T-C	L251P	missense_variant	rs753875829	1	1613938	6.196024878279092e-07	1	1179870	8.475510013815082e-07	0	44872	0.0	0	91074	0.0	0	75048	0.0	0	60002	0.0	0	64030	0.0	0	29580	0.0	0	6058	0.0	0	62494	0.0	0.8698	pathogenic	pathogenic	251.0	CORE	-3.231674137342205	True	pathogenic	True	False	False
6-160134043-G-A	G253R	missense_variant	rs539669019	10	1613860	6.196324340401274e-06	3	1179868	2.54265731420803e-06	1	44832	2.230549607423269e-05	1	91068	1.0980805551895288e-05	0	75040	0.0	5	59982	8.335834083558401e-05	0	64026	0.0	0	29584	0.0	0	6058	0.0	0	62490	0.0	0.8401	pathogenic	pathogenic	253.0	GREY	-2.102042227759877	True	pathogenic	True	False	False
6-160134044-G-T	G253V	missense_variant		1	1613908	6.196140052592837e-07	1	1179868	8.475524380693434e-07	0	44864	0.0	0	91074	0.0	0	75048	0.0	0	59986	0.0	0	64032	0.0	0	29584	0.0	0	6056	0.0	0	62486	0.0	0.1042	benign	benign	253.0	GREY	-0.914732511308467	True	benign	True	False	True
6-160134061-C-A	P259T	missense_variant	rs773737473	13	1613670	8.056170096736011e-06	13	1179780	1.1019003543033446e-05	0	44850	0.0	0	91036	0.0	0	75044	0.0	0	59958	0.0	0	63998	0.0	0	29560	0.0	0	6048	0.0	0	62484	0.0	0.1463	benign	benign	259.0	EXPOSED	-1.5603167024967513	True	benign	True	False	True
6-160134065-A-C	H260P	missense_variant	rs757376770	38	1613366	2.3553242103775585e-05	37	1179710	3.136364021666342e-05	0	44846	0.0	0	91022	0.0	1	74902	1.3350778350377827e-05	0	59926	0.0	0	63976	0.0	0	29550	0.0	0	6072	0.0	0	62450	0.0	0.1944	benign	benign	260.0	EXPOSED	-3.96429600116861	True	benign	True	False	True
6-160134070-C-T	R262C	missense_variant	rs770280090	116	1613216	7.190605597762482e-05	86	1179640	7.290359770777526e-05	0	44852	0.0	1	90992	1.0989977140847547e-05	11	74916	0.0001468311175182	2	59900	3.33889816360601e-05	9	63944	0.0001407481546353	0	29546	0.0	0	6070	0.0	7	62444	0.000112100441996	0.3106	benign	benign	262.0	GREY	-1.402999483715991	True	benign	True	False	True
6-160134070-C-A	R262S	missense_variant		2	1613334	1.2396689092277237e-06	2	1179632	1.695444002875473e-06	0	44840	0.0	0	90988	0.0	0	75038	0.0	0	59920	0.0	0	63944	0.0	0	29546	0.0	0	6048	0.0	0	62466	0.0	0.7586	pathogenic	pathogenic	262.0	GREY	-2.5516174175206263	True	pathogenic	True	False	False
6-160134071-G-T	R262L	missense_variant	rs780454201	8	1612742	4.960495851165283e-06	8	1179404	6.7830870507476655e-06	0	44812	0.0	0	90838	0.0	0	75030	0.0	0	59830	0.0	0	63892	0.0	0	29530	0.0	0	6048	0.0	0	62446	0.0	0.4016	ambiguous	ambiguous	262.0	GREY	-2.848849713320919	True	ambiguous	True	False	True
6-160134071-G-A	R262H	missense_variant	rs780454201	3	1612742	1.8601859441869809e-06	2	1179404	1.6957717626869164e-06	1	44812	2.231545121842364e-05	0	90838	0.0	0	75030	0.0	0	59830	0.0	0	63892	0.0	0	29530	0.0	0	6048	0.0	0	62446	0.0	0.1701	benign	benign	262.0	GREY	-2.164235348626253	True	benign	True	False	True
6-160134086-C-T	A267V	missense_variant	rs768864107	1	1611402	6.205776088151808e-07	1	1178910	8.482411719300031e-07	0	44774	0.0	0	90662	0.0	0	74876	0.0	0	59548	0.0	0	63814	0.0	0	29484	0.0	0	6060	0.0	0	62362	0.0	0.1197	benign	benign	267.0	GREY	-0.9376044142969646	True	benign	True	False	True
6-160134092-C-T	S269F	missense_variant		1	1610028	6.211072105578288e-07	1	1178246	8.487191978585117e-07	0	44678	0.0	0	90442	0.0	0	74966	0.0	0	59300	0.0	0	63716	0.0	0	29426	0.0	0	6030	0.0	0	62312	0.0	0.5159	ambiguous	pathogenic	269.0	CORE	-2.715454682188147	True	ambiguous	True	False	True
6-160134095-T-C	L270P	missense_variant	rs1449603526	1	1609354	6.213673312397397e-07	0	1177990	0.0	0	44672	0.0	1	90324	1.1071254594570657e-05	0	74960	0.0	0	59122	0.0	0	63648	0.0	0	29398	0.0	0	6032	0.0	0	62296	0.0	0.7675	pathogenic	pathogenic	270.0	GREY	-2.462060543278101	True	pathogenic	True	False	False
6-160134109-T-C	F275L	missense_variant	rs1165242773	5	1603520	3.1181400917980445e-06	5	1175234	4.254471875388221e-06	0	44448	0.0	0	89612	0.0	0	74852	0.0	0	57958	0.0	0	63142	0.0	0	29200	0.0	0	6000	0.0	0	62162	0.0	0.6651	pathogenic	pathogenic	275.0	GREY	-1.1664335305503784	True	pathogenic	True	False	False
6-160134111-C-A	F275L	missense_variant		0	1602536	0.0	0	1174816	0.0	0	44468	0.0	0	89448	0.0	0	74842	0.0	0	57736	0.0	0	63022	0.0	0	29190	0.0	0	6004	0.0	0	62098	0.0	0.6651	pathogenic	pathogenic	275.0	GREY	-1.1664335305503784	True	pathogenic	True	False	False
6-160134115-C-T	L277F	missense_variant		1	1599414	6.252289901176306e-07	0	1173380	0.0	1	44394	2.2525566517997927e-05	0	89022	0.0	0	74808	0.0	0	57120	0.0	0	62798	0.0	0	29034	0.0	0	5994	0.0	0	61952	0.0	0.0992	benign	benign	277.0	GREY	-1.0688093891579098	True	benign	True	False	True
6-160134116-T-G	L277R	missense_variant		1	1598782	6.254761437144026e-07	1	1173114	8.524320739501872e-07	0	44334	0.0	0	88992	0.0	0	74754	0.0	0	56982	0.0	0	62708	0.0	0	29056	0.0	0	5980	0.0	0	61950	0.0	0.4735	ambiguous	ambiguous	277.0	GREY	-1.0496464076595322	True	ambiguous	True	False	True
6-160134125-G-T	W280L	missense_variant	rs377669979	1	1585548	6.306967685620366e-07	0	1166522	0.0	0	44016	0.0	1	87722	1.1399648890814162e-05	0	74270	0.0	0	54604	0.0	0	61766	0.0	0	28508	0.0	0	5930	0.0	0	61298	0.0	0.3733	ambiguous	ambiguous	280.0	GREY	-1.3632166635974414	True	ambiguous	True	False	True
6-160136228-C-T	P283L	missense_variant	rs4646277	394	1613438	0.0002441990333684	40	1179406	3.391537774099844e-05	273	44882	0.0060826166391872	66	91052	0.0007248605192637	1	75006	1.3332266751993174e-05	0	60024	0.0	5	64010	7.811279487580065e-05	0	29598	0.0	1	6062	0.0001649620587264	8	62488	0.0001280245807194	0.3286	benign	benign	283.0	GREY	-1.195048211719825	True	benign	True	False	True
6-160136228-C-A	P283Q	missense_variant		0	1613436	0.0	0	1179406	0.0	0	44882	0.0	0	91050	0.0	0	75006	0.0	0	60024	0.0	0	64010	0.0	0	29598	0.0	0	6062	0.0	0	62488	0.0	0.4702	ambiguous	ambiguous	283.0	GREY	-1.475852681033726	True	ambiguous	True	False	True
6-160136230-G-A	E284K	missense_variant	rs1583336367	1	1613826	6.196454884231634e-07	0	1179680	0.0	1	44888	2.2277668864729997e-05	0	91076	0.0	0	75046	0.0	0	60026	0.0	0	64042	0.0	0	29604	0.0	0	6062	0.0	0	62490	0.0	0.7472	pathogenic	pathogenic	284.0	GREY	-2.8909527938855977	True	pathogenic	True	False	False
6-160136231-A-C	E284A	missense_variant	rs1164818231	2	1613722	1.2393708457838464e-06	1	1179676	8.476903827830693e-07	0	44900	0.0	0	91082	0.0	1	74932	1.3345433192761435e-05	0	60010	0.0	0	64046	0.0	0	29602	0.0	0	6084	0.0	0	62478	0.0	0.6911	pathogenic	pathogenic	284.0	GREY	-3.865683185852975	True	pathogenic	True	False	False
6-160136231-A-G	E284G	missense_variant		1	1613840	6.196401130223566e-07	1	1179668	8.476961314539345e-07	0	44888	0.0	0	91078	0.0	0	75054	0.0	0	60030	0.0	0	64046	0.0	0	29602	0.0	0	6062	0.0	0	62500	0.0	0.7792	pathogenic	pathogenic	284.0	GREY	-3.2352661209501	True	pathogenic	True	False	False
6-160136232-G-T	E284D	missense_variant	rs950127328	3	1613794	1.8589733262114e-06	3	1179768	2.5428728360152165e-06	0	44902	0.0	0	91082	0.0	0	74922	0.0	0	60008	0.0	0	64040	0.0	0	29608	0.0	0	6084	0.0	0	62468	0.0	0.8146	pathogenic	pathogenic	284.0	GREY	-2.761428056858788	True	pathogenic	True	False	False
6-160136234-C-G	S285C	missense_variant	rs1400242588	1	1613886	6.19622451647762e-07	1	1179758	8.476314634018163e-07	0	44890	0.0	0	91074	0.0	0	75034	0.0	0	60024	0.0	0	64030	0.0	0	29608	0.0	0	6062	0.0	0	62494	0.0	0.778	pathogenic	pathogenic	285.0	CORE	-3.1810948490894173	True	pathogenic	True	False	False
6-160136237-C-T	P286L	missense_variant		1	1614108	6.195372304703279e-07	1	1179946	8.474964108527001e-07	0	44888	0.0	0	91076	0.0	0	75040	0.0	0	60034	0.0	0	64042	0.0	0	29608	0.0	0	6062	0.0	0	62500	0.0	0.3165	benign	benign	286.0	CORE	-1.9668731543071176	True	benign	True	False	True
6-160136239-C-T	R287W	missense_variant	rs4646278	961	1614060	0.0005953929841517	154	1179916	0.0001305177656714	0	44892	0.0	766	91078	0.0084103735259887	6	75036	7.996161842315688e-05	0	60026	0.0	0	64036	0.0	0	29608	0.0	3	6060	0.0004950495049504	32	62496	0.0005120327700972	0.4912	ambiguous	pathogenic	287.0	GREY	-2.1698363317037006	True	ambiguous	True	False	True
6-160136240-G-C	R287P	missense_variant	rs774284778	1	1613980	6.195863641432979e-07	0	1179954	0.0	0	44904	0.0	0	91082	0.0	1	74910	1.3349352556401017e-05	0	60006	0.0	0	64040	0.0	0	29606	0.0	0	6084	0.0	0	62484	0.0	0.9252	pathogenic	pathogenic	287.0	GREY	-3.03505819642779	True	pathogenic	True	False	False
6-160136240-G-A	R287Q	missense_variant	rs774284778	41	1613980	2.5403040929875216e-05	25	1179954	2.1187266622258155e-05	0	44904	0.0	14	91082	0.0001537076480534	0	74910	0.0	0	60006	0.0	1	64040	1.561524047470331e-05	0	29606	0.0	0	6084	0.0	1	62484	1.6004097048844504e-05	0.3665	ambiguous	ambiguous	287.0	GREY	-1.7191364740575454	True	ambiguous	True	False	True
6-160136245-C-G	L289V	missense_variant		1	1614114	6.195349275206088e-07	1	1179966	8.474820460928535e-07	0	44892	0.0	0	91086	0.0	0	75032	0.0	0	60024	0.0	0	64034	0.0	0	29606	0.0	0	6062	0.0	0	62502	0.0	0.5646	pathogenic	pathogenic	289.0	CORE	-3.346354248838399	True	pathogenic	True	False	False
6-160136251-T-C	S291P	missense_variant	rs138369190	762	1613990	0.0004721218842743	86	1179996	7.28816029884847e-05	0	44896	0.0	0	91088	0.0	3	74894	4.005661334686357e-05	2	60008	3.332888948140248e-05	1	64018	1.5620606704364397e-05	577	29608	0.0194879762226425	0	6084	0.0	93	62486	0.0014883333866786	0.833	pathogenic	pathogenic	291.0	EXPOSED	-1.5083511887719074	True	pathogenic	True	False	False
6-160136256-A-T	Q292H	missense_variant	rs746056691	141	1614084	8.735604838409897e-05	131	1180038	0.0001110133741455	0	44896	0.0	0	91086	0.0	2	74922	2.6694428872694267e-05	1	60008	1.666444474070124e-05	3	64048	4.683987009742693e-05	0	29608	0.0	2	6084	0.0003287310979618	2	62482	3.200921865497263e-05	0.4904	ambiguous	pathogenic	292.0	EXPOSED	-1.3129672631279004	True	ambiguous	True	False	True
6-160136269-G-A	E297K	missense_variant	rs866187146	3	1614102	1.8586186003115044e-06	0	1180042	0.0	0	44900	0.0	0	91086	0.0	3	74940	4.00320256204964e-05	0	60010	0.0	0	64034	0.0	0	29608	0.0	0	6084	0.0	0	62488	0.0	0.1117	benign	benign	297.0	EXPOSED	-1.7920255208796902	True	benign	True	False	True
6-160136272-G-A	A298T	missense_variant	rs1780695408	2	1614206	1.2389992355374716e-06	2	1180020	1.694886527346994e-06	0	44886	0.0	0	91086	0.0	0	75056	0.0	0	60022	0.0	0	64044	0.0	0	29608	0.0	0	6062	0.0	0	62510	0.0	0.3212	benign	benign	298.0	CORE	-2.7281204891163453	True	benign	True	False	True
6-160136285-T-C	M302T	missense_variant	rs140336304	3	1614190	1.8585172749180705e-06	0	1180026	0.0	3	44888	6.683300659418999e-05	0	91086	0.0	0	75052	0.0	0	60022	0.0	0	64024	0.0	0	29608	0.0	0	6062	0.0	0	62510	0.0	0.3762	ambiguous	ambiguous	302.0	CORE	-1.9246228465455069	True	ambiguous	True	False	True
6-160136290-C-T	H304Y	missense_variant		1	1614182	6.195088286203166e-07	0	1180024	0.0	0	44888	0.0	1	91078	1.0979599903379522e-05	0	75040	0.0	0	60028	0.0	0	64030	0.0	0	29608	0.0	0	6062	0.0	0	62512	0.0	0.0805	benign	benign	304.0	EXPOSED	-0.8222738148799497	True	benign	True	False	True
6-160136293-A-T	I305F	missense_variant		1	1614246	6.19484266958072e-07	1	1180034	8.474332095515892e-07	0	44888	0.0	0	91092	0.0	0	75064	0.0	0	60026	0.0	0	64048	0.0	0	29608	0.0	0	6062	0.0	0	62512	0.0	0.2482	benign	benign	305.0	CORE	-1.7729197005724953	True	benign	True	False	True
6-160136296-G-A	A306T	missense_variant	rs1231338336	18	1614074	1.115190505515856e-05	17	1180022	1.440651106504794e-05	0	44898	0.0	1	91088	1.0978394519585456e-05	0	74928	0.0	0	60008	0.0	0	64040	0.0	0	29608	0.0	0	6084	0.0	0	62486	0.0	0.2709	benign	benign	306.0	CORE	-1.2067200839747771	True	benign	True	False	True
6-160136304-G-C	K308N	missense_variant	rs1461049471	1	1614094	6.195426040862552e-07	0	1180022	0.0	0	44902	0.0	0	91090	0.0	1	74944	1.334329632792485e-05	0	60014	0.0	0	64032	0.0	0	29606	0.0	0	6084	0.0	0	62488	0.0	0.4442	ambiguous	ambiguous	308.0	EXPOSED	-1.323817463199238	True	ambiguous	True	False	True
6-160136617-T-C	L343P	missense_variant		1	1614182	6.195088286203166e-07	1	1180014	8.474475726559177e-07	0	44886	0.0	0	91078	0.0	0	75042	0.0	0	60026	0.0	0	64048	0.0	0	29606	0.0	0	6062	0.0	0	62508	0.0	0.8345	pathogenic	pathogenic	343.0	CORE	-1.9969950968430488	True	pathogenic	True	False	False
6-160136626-G-A	R346H	missense_variant	rs1780715553	4	1614138	2.478102863571764e-06	3	1179990	2.542394427071416e-06	1	44880	2.228163992869875e-05	0	91076	0.0	0	75044	0.0	0	60032	0.0	0	64034	0.0	0	29602	0.0	0	6062	0.0	0	62506	0.0	0.1101	benign	benign	346.0	CORE	-0.8144546143968492	True	benign	True	False	True
6-160136626-G-C	R346P	missense_variant	rs1780715553	1	1614020	6.195710090333453e-07	1	1179998	8.474590634899381e-07	0	44892	0.0	0	91080	0.0	0	74922	0.0	0	60012	0.0	0	64034	0.0	0	29602	0.0	0	6084	0.0	0	62484	0.0	0.818	pathogenic	pathogenic	346.0	CORE	-1.5347921796107324	True	pathogenic	True	False	False
6-160136629-C-A	T347N	missense_variant		1	1614172	6.195126665559804e-07	0	1180004	0.0	0	44886	0.0	0	91082	0.0	1	75044	1.3325515697457492e-05	0	60020	0.0	0	64044	0.0	0	29608	0.0	0	6062	0.0	0	62510	0.0	0.5916	pathogenic	pathogenic	347.0	CORE	-1.5457700916183892	True	pathogenic	True	False	False
6-160136638-T-C	L350P	missense_variant	rs1190538494	8	1613960	4.956752335869538e-06	6	1179932	5.085038798846035e-06	0	44896	0.0	1	91088	1.0978394519585456e-05	0	74918	0.0	0	60008	0.0	1	64032	1.561719140429785e-05	0	29608	0.0	0	6084	0.0	0	62482	0.0	0.9124	pathogenic	pathogenic	350.0	CORE	-2.6200986345220487	True	pathogenic	True	False	False
6-160136643-T-G	Y352D	missense_variant	rs929400005	4	1613996	2.4783208880319408e-06	4	1179822	3.390341932935646e-06	0	44886	0.0	0	91082	0.0	0	75060	0.0	0	60032	0.0	0	64040	0.0	0	29604	0.0	0	6062	0.0	0	62500	0.0	0.8741	pathogenic	pathogenic	352.0	GREY	-1.6228726233340465	True	pathogenic	True	False	False
6-160136647-T-G	L353R	missense_variant	rs1046957339	1	1613702	6.196931031875774e-07	0	1179606	0.0	0	44884	0.0	0	91072	0.0	1	75032	1.3327646870668514e-05	0	60022	0.0	0	64028	0.0	0	29598	0.0	0	6060	0.0	0	62488	0.0	0.6389	pathogenic	pathogenic	353.0	CORE	-4.360419778976856	True	pathogenic	True	False	False
6-160139654-T-G	F355V	missense_variant		1	1462426	6.837952826331041e-07	1	1085794	9.209850118899164e-07	0	30888	0.0	0	89170	0.0	0	68930	0.0	0	55162	0.0	0	51130	0.0	0	23232	0.0	0	4902	0.0	0	52332	0.0	0.3914	ambiguous	ambiguous	355.0	GREY	-1.282339471258258	True	ambiguous	True	False	True
6-160139664-C-T	S358F	missense_variant		1	1464806	6.82684259895167e-07	1	1088148	9.18992637030992e-07	0	32188	0.0	0	89186	0.0	0	67862	0.0	0	54522	0.0	0	50404	0.0	0	23738	0.0	0	5064	0.0	0	52788	0.0	0.5386	ambiguous	pathogenic	358.0	CORE	-0.9608332310490209	True	ambiguous	True	False	True
6-160139669-C-T	L360F	missense_variant		1	1444462	6.922992782087725e-07	0	1076680	0.0	1	29374	3.404371212637026e-05	0	89002	0.0	0	67470	0.0	0	54046	0.0	0	48054	0.0	0	22720	0.0	0	5016	0.0	0	51206	0.0	0.3244	benign	benign	360.0	CORE	-1.5098540279376813	True	benign	True	False	True
6-160139679-G-T	G363V	missense_variant	rs1479457374	1	1612450	6.201742689695805e-07	0	1179734	0.0	0	44804	0.0	0	90972	0.0	0	74472	0.0	1	59874	1.6701740321341484e-05	0	63602	0.0	0	29596	0.0	0	6024	0.0	0	62460	0.0	0.733	pathogenic	pathogenic	363.0	CORE	-0.847544646261474	True	pathogenic	True	False	False
6-160139718-A-G	Y376C	missense_variant	rs184148085	2	1612502	1.2403085391521995e-06	0	1179872	0.0	0	44762	0.0	0	91022	0.0	2	74426	2.687232956224975e-05	0	59668	0.0	0	63738	0.0	0	29588	0.0	0	6058	0.0	0	62462	0.0	0.4149	ambiguous	ambiguous	376.0	GREY	-0.8955844977464695	True	ambiguous	True	False	True
6-160139732-T-C	Y381H	missense_variant	rs1306181053	1	1613654	6.19711536673909e-07	1	1179924	8.475122126509843e-07	0	44862	0.0	0	90986	0.0	0	74938	0.0	0	59894	0.0	0	64014	0.0	0	29586	0.0	0	6056	0.0	0	62484	0.0	0.4495	ambiguous	ambiguous	381.0	GREY	-0.926124672644293	True	ambiguous	True	False	True
6-160139742-T-C	L384P	missense_variant		2	1613312	1.2396858140272928e-06	2	1179816	1.6951795873254814e-06	0	44864	0.0	0	90880	0.0	0	74922	0.0	0	59810	0.0	0	64024	0.0	0	29568	0.0	0	6050	0.0	0	62468	0.0	0.812	pathogenic	pathogenic	384.0	GREY	-1.848603113422969	True	pathogenic	True	False	False
6-160139747-G-A	E386K	missense_variant	rs375891889	16	1613030	9.919220349280547e-06	10	1179746	8.47640085238687e-06	1	44876	2.228362599162136e-05	0	90850	0.0	3	74856	4.007694773966015e-05	0	59742	0.0	0	63984	0.0	0	29564	0.0	0	6048	0.0	2	62454	3.202356934703942e-05	0.8583	pathogenic	pathogenic	386.0	CORE	-0.9142809100293788	True	pathogenic	True	False	False
6-160139751-T-C	I387T	missense_variant	rs1028510253	4	1612870	2.4800510890524344e-06	0	1179740	0.0	4	44886	8.91146459920688e-05	0	90834	0.0	0	74734	0.0	0	59692	0.0	0	63998	0.0	0	29568	0.0	0	6070	0.0	0	62438	0.0	0.5876	pathogenic	pathogenic	387.0	GREY	-1.0900666951556897	True	pathogenic	True	False	False
6-160139754-C-A	P388Q	missense_variant	rs766886919	4	1612574	2.4805063209502323e-06	0	1179616	0.0	0	44884	0.0	0	90788	0.0	0	74724	0.0	3	59620	5.0318685005031866e-05	0	63982	0.0	0	29552	0.0	0	6074	0.0	1	62424	1.6019479687299756e-05	0.8136	pathogenic	pathogenic	388.0	GREY	-1.5615504321892313	True	pathogenic	True	False	False
6-160139786-C-T	R399C	missense_variant	rs758557091	31	1606762	1.9293461010404777e-05	18	1177618	1.5285092449334165e-05	1	44774	2.2334390494483405e-05	0	89736	0.0	2	74322	2.690993245606953e-05	6	58036	0.0001033841064167	0	63942	0.0	0	29228	0.0	1	6044	0.0001654533421575	3	62152	4.826876045823143e-05	0.199	benign	benign	399.0	EXPOSED	-1.047103197975462	True	benign	True	False	True
6-160139787-G-C	R399P	missense_variant	rs777687557	1	1606248	6.225688685682411e-07	0	1177344	0.0	1	44724	2.235935962794025e-05	0	89618	0.0	0	74356	0.0	0	57980	0.0	0	63914	0.0	0	29200	0.0	0	6018	0.0	0	62184	0.0	0.8232	pathogenic	pathogenic	399.0	EXPOSED	-1.7080942375788553	True	pathogenic	True	False	False
6-160139789-G-A	V400M	missense_variant	rs143522800	119	1606492	7.407444294773955e-05	59	1177418	5.010964670151128e-05	0	44734	0.0	55	89688	0.0006132369993756	2	74432	2.687016337059329e-05	1	58032	1.7231872070581748e-05	0	63898	0.0	0	29210	0.0	0	6014	0.0	2	62156	3.217710277366626e-05	0.1489	benign	benign	400.0	EXPOSED	-0.8429255221688992	True	benign	True	False	True
6-160139796-G-A	R402H	missense_variant	rs761349584	18	1599862	1.1250970396196672e-05	14	1174418	1.1920798216648587e-05	0	44556	0.0	1	88820	1.125872551227201e-05	2	74040	2.7012425715829283e-05	0	56690	0.0	0	63784	0.0	0	28836	0.0	0	5980	0.0	1	61828	1.617390179206832e-05	0.3648	ambiguous	ambiguous	402.0	CORE	-0.9480880671186024	True	ambiguous	True	False	True
6-160139798-A-T	I403F	missense_variant	rs188898744	1	1600910	6.246447333079311e-07	1	1174910	8.511290226485433e-07	0	44640	0.0	0	88886	0.0	0	74174	0.0	0	56848	0.0	0	63826	0.0	0	28868	0.0	0	5982	0.0	0	61866	0.0	0.2678	benign	benign	403.0	CORE	-2.714200222615914	True	benign	True	False	True
6-160139805-C-A	P405H	missense_variant		0	1585770	0.0	0	1167818	0.0	0	44312	0.0	0	87046	0.0	0	73452	0.0	0	53416	0.0	0	63568	0.0	0	28180	0.0	0	5918	0.0	0	61150	0.0	0.6936	pathogenic	pathogenic	405.0	CORE	-1.6431197892932232	True	pathogenic	True	False	False
6-160139807-A-G	M406V	missense_variant		1	1584014	6.313075515746704e-07	1	1166904	8.569685252600043e-07	0	44184	0.0	0	86950	0.0	0	73274	0.0	0	53250	0.0	0	63462	0.0	0	28120	0.0	0	5900	0.0	0	61064	0.0	0.1082	benign	benign	406.0	CORE	-1.032564077465689	True	benign	True	False	True
6-160139829-C-A	A413E	missense_variant		2	1556408	1.2850101001793874e-06	1	1154302	8.66324410769452e-07	0	43366	0.0	1	83346	1.1998176277205865e-05	0	71724	0.0	0	48000	0.0	0	62580	0.0	0	26628	0.0	0	5788	0.0	0	59770	0.0	0.8434	pathogenic	pathogenic	413.0	CORE	-1.3664294612651382	True	pathogenic	True	False	False
6-160139831-G-A	G414R	missense_variant	rs1357827865	0	1554736	0.0	0	1153808	0.0	0	43408	0.0	0	83120	0.0	0	71450	0.0	0	47578	0.0	0	62410	0.0	0	26506	0.0	0	5780	0.0	0	59776	0.0	0.9442	pathogenic	pathogenic	414.0	CORE	-5.112138862500563	True	pathogenic	True	False	False
6-160139832-G-A	G414E	missense_variant	rs72552762	0	1554368	0.0	0	1153652	0.0	0	43408	0.0	0	83090	0.0	0	71360	0.0	0	47540	0.0	0	62406	0.0	0	26476	0.0	0	5776	0.0	0	59758	0.0	0.9189	pathogenic	pathogenic	414.0	CORE	-3.2024290304419942	True	pathogenic	True	False	False
6-160139837-G-C	A416P	missense_variant		0	1542304	0.0	0	1148812	0.0	0	43276	0.0	0	81370	0.0	0	69742	0.0	0	45592	0.0	0	61566	0.0	0	25922	0.0	0	5728	0.0	0	59408	0.0	0.7814	pathogenic	pathogenic	416.0	CORE	-1.3259651451225276	True	pathogenic	True	False	False
6-160139838-C-A	A416D	missense_variant		0	1538484	0.0	0	1147182	0.0	0	43290	0.0	0	80844	0.0	0	69192	0.0	0	45024	0.0	0	61292	0.0	0	25720	0.0	0	5718	0.0	0	59334	0.0	0.8732	pathogenic	pathogenic	416.0	CORE	-1.1134266268789157	True	pathogenic	True	False	False
6-160139840-T-C	C417R	missense_variant		0	1531472	0.0	0	1144330	0.0	0	43244	0.0	0	80126	0.0	0	67828	0.0	0	43930	0.0	0	60826	0.0	0	25440	0.0	0	5696	0.0	0	59190	0.0	0.9505	pathogenic	pathogenic	417.0	CORE	-1.3742508688846538	True	pathogenic	True	False	False
6-160139844-T-C	L418P	missense_variant		1	1521308	6.573290878638645e-07	1	1140424	8.768668495226337e-07	0	43002	0.0	0	79336	0.0	0	65260	0.0	0	42534	0.0	0	60246	0.0	0	25120	0.0	0	5670	0.0	0	58890	0.0	0.4933	ambiguous	pathogenic	418.0	GREY	-2.223777936577966	True	ambiguous	True	False	True
6-160139847-T-A	V419D	missense_variant		1	1513480	6.60728916140286e-07	1	1137644	8.790096023008955e-07	0	42726	0.0	0	78734	0.0	0	62702	0.0	0	41702	0.0	0	59868	0.0	0	24866	0.0	0	5652	0.0	0	58790	0.0	0.5729	pathogenic	pathogenic	419.0	GREY	-3.1537575272333576	True	pathogenic	True	False	False
6-160143570-T-C	C436R	missense_variant	rs1271192774	5	1614116	3.097670799372536e-06	5	1180008	4.237259408410791e-06	0	44880	0.0	0	91074	0.0	0	75020	0.0	0	60018	0.0	0	64032	0.0	0	29604	0.0	0	6062	0.0	0	62508	0.0	0.9361	pathogenic	pathogenic	436.0	CORE	-1.0001235173759562	True	pathogenic	True	False	False
6-160143601-T-C	I446T	missense_variant		1	1614146	6.195226454112577e-07	0	1180022	0.0	0	44882	0.0	0	91082	0.0	1	75020	1.3329778725673154e-05	0	60022	0.0	0	64028	0.0	0	29608	0.0	0	6062	0.0	0	62508	0.0	0.3827	ambiguous	ambiguous	446.0	GREY	-0.919813372415606	True	ambiguous	True	False	True
6-160143607-T-A	M448K	missense_variant	rs774602617	3	1614042	1.85868769214184e-06	0	1180018	0.0	0	44902	0.0	0	91086	0.0	3	74926	4.0039505645570296e-05	0	60000	0.0	0	64022	0.0	0	29608	0.0	0	6084	0.0	0	62486	0.0	0.6973	pathogenic	pathogenic	448.0	CORE	-1.895898826011647	True	pathogenic	True	False	False
6-160143616-T-C	L451P	missense_variant		1	1614158	6.195180397457993e-07	0	1180010	0.0	1	44890	2.2276676319893072e-05	0	91082	0.0	0	75038	0.0	0	60014	0.0	0	64036	0.0	0	29608	0.0	0	6062	0.0	0	62506	0.0	0.6763	pathogenic	pathogenic	451.0	GREY	-1.426267770135274	True	pathogenic	True	False	False
6-160143627-G-A	E455K	missense_variant	rs1583346362	1	1614062	6.195548869869931e-07	1	1179948	8.474949743548021e-07	0	44888	0.0	0	91074	0.0	0	75030	0.0	0	60016	0.0	0	64024	0.0	0	29606	0.0	0	6060	0.0	0	62504	0.0	0.89	pathogenic	pathogenic	455.0	GREY	-2.610080484060432	True	pathogenic	True	False	False
6-160143628-A-G	E455G	missense_variant	rs1269326421	1	1614014	6.195733122513187e-07	1	1179886	8.47539508054168e-07	0	44892	0.0	0	91076	0.0	0	75030	0.0	0	60020	0.0	0	64034	0.0	0	29604	0.0	0	6060	0.0	0	62502	0.0	0.8738	pathogenic	pathogenic	455.0	GREY	-5.171075676739736	True	pathogenic	True	False	False
6-160143629-G-T	E455D	missense_variant	rs1317532488	2	1614098	1.239082137515814e-06	0	1179954	0.0	2	44890	4.455335263978615e-05	0	91074	0.0	0	75036	0.0	0	60024	0.0	0	64040	0.0	0	29606	0.0	0	6060	0.0	0	62504	0.0	0.9187	pathogenic	pathogenic	455.0	GREY	-2.4373534708702373	True	pathogenic	True	False	False
6-160143636-C-T	P458S	missense_variant	rs767649773	5	1613690	3.098488557281758e-06	4	1179592	3.391002990864638e-06	0	44882	0.0	0	91070	0.0	0	75024	0.0	0	60016	0.0	0	64032	0.0	0	29604	0.0	0	6058	0.0	1	62500	1.6e-05	0.8676	pathogenic	pathogenic	458.0	CORE	-2.49607668697378	True	pathogenic	True	False	False
6-160143639-A-G	T459A	missense_variant		1	1613524	6.197614662068863e-07	1	1179438	8.478614390921778e-07	0	44886	0.0	0	91058	0.0	0	75028	0.0	0	60022	0.0	0	64036	0.0	0	29602	0.0	0	6056	0.0	0	62486	0.0	0.4451	ambiguous	ambiguous	459.0	EXPOSED	-1.0883085949913769	True	ambiguous	True	False	True
6-160143644-C-G	F460L	missense_variant	rs141274044	1	1613290	6.198513596439574e-07	0	1179218	0.0	0	44884	0.0	1	91070	1.0980564401010211e-05	0	75010	0.0	0	60024	0.0	0	64032	0.0	0	29606	0.0	0	6060	0.0	0	62474	0.0	0.7949	pathogenic	pathogenic	460.0	GREY	-0.9955606185299132	True	pathogenic	True	False	False
6-160143646-T-G	V461G	missense_variant	rs1449192142	2	1612558	1.2402654664204323e-06	2	1178606	1.6969199206520244e-06	0	44880	0.0	0	91054	0.0	0	74978	0.0	0	60008	0.0	0	64008	0.0	0	29600	0.0	0	6060	0.0	0	62452	0.0	0.537	ambiguous	pathogenic	461.0	CORE	-1.5825431256189	True	ambiguous	True	False	True
6-160143649-G-A	R462K	missense_variant	rs1422280676	10	1612100	6.203089138390919e-06	10	1178254	8.487134353034235e-06	0	44886	0.0	0	91056	0.0	0	74882	0.0	0	59996	0.0	0	64034	0.0	0	29592	0.0	0	6082	0.0	0	62406	0.0	0.7777	pathogenic	pathogenic	462.0	GREY	-2.0197563699580776	True	pathogenic	True	False	False
6-160154801-C-A	N463K	missense_variant	rs372769082	8	1612092	4.962495936956452e-06	2	1178708	1.6967730769622332e-06	0	44856	0.0	1	90826	1.1010063197762756e-05	2	74884	2.67079750013354e-05	2	59864	3.340906053721769e-05	0	64028	0.0	0	29562	0.0	0	6046	0.0	1	62406	1.6024100246771145e-05	0.853	pathogenic	pathogenic	463.0	EXPOSED	-2.901812440023994	True	pathogenic	True	False	False
6-160154812-T-G	M467R	missense_variant		1	1613724	6.196846548728283e-07	0	1179686	0.0	0	44866	0.0	0	91030	0.0	0	75056	0.0	0	59986	0.0	0	64042	0.0	0	29600	0.0	0	6048	0.0	1	62498	1.6000512016384524e-05	0.6815	pathogenic	pathogenic	467.0	GREY	-1.517430469030808	True	pathogenic	True	False	False
6-160154818-G-T	C469F	missense_variant	rs773357506	6	1613920	3.7176563894121142e-06	0	1179826	0.0	0	44868	0.0	1	91054	1.0982493904715884e-05	5	75050	6.662225183211193e-05	0	60016	0.0	0	64042	0.0	0	29602	0.0	0	6048	0.0	0	62502	0.0	0.7255	pathogenic	pathogenic	469.0	CORE	-2.8427316420190345	True	pathogenic	True	False	False
6-160154821-C-A	S470Y	missense_variant		2	1613842	1.239278690231138e-06	0	1179806	0.0	0	44866	0.0	2	91038	2.1968848173290276e-05	0	75040	0.0	0	60002	0.0	0	64022	0.0	0	29606	0.0	0	6046	0.0	0	62504	0.0	0.5572	ambiguous	pathogenic	470.0	GREY	-2.822057441224973	True	ambiguous	True	False	True
6-160154827-T-G	L472R	missense_variant		1	1614088	6.195449070930457e-07	1	1179926	8.475107760995181e-07	0	44878	0.0	0	91068	0.0	0	75064	0.0	0	60026	0.0	0	64044	0.0	0	29606	0.0	0	6056	0.0	0	62508	0.0	0.7185	pathogenic	pathogenic	472.0	GREY	-3.9924184281974138	True	pathogenic	True	False	False
6-160154836-T-C	I475T	missense_variant	rs776762378	34	1614054	2.1064970564801424e-05	27	1180000	2.288135593220339e-05	0	44896	0.0	0	91076	0.0	1	74950	1.33422281521014e-05	3	60010	4.999166805532411e-05	0	64044	0.0	0	29602	0.0	0	6078	0.0	3	62486	4.8010754408987614e-05	0.1009	benign	benign	475.0	GREY	-0.9884333625407784	True	benign	True	False	True
6-160154841-G-A	G477R	missense_variant	rs767372745	29	1614100	1.7966668731801004e-05	29	1179982	2.45766460844318e-05	0	44880	0.0	0	91060	0.0	0	75046	0.0	0	60024	0.0	0	64038	0.0	0	29606	0.0	0	6052	0.0	0	62500	0.0	0.8149	pathogenic	pathogenic	477.0	CORE	-0.8492278358632009	True	pathogenic	True	False	False
6-160154841-G-C	G477R	missense_variant		1	1614100	6.195403010965864e-07	0	1179982	0.0	0	44880	0.0	0	91060	0.0	0	75046	0.0	0	60024	0.0	0	64038	0.0	1	29606	3.377693710734311e-05	0	6052	0.0	0	62500	0.0	0.8149	pathogenic	pathogenic	477.0	CORE	-0.8492278358632009	True	pathogenic	True	False	False
6-160154845-T-A	I478K	missense_variant		1	1614198	6.195026880221633e-07	0	1180016	0.0	0	44884	0.0	1	91078	1.0979599903379522e-05	0	75072	0.0	0	60024	0.0	0	64044	0.0	0	29606	0.0	0	6056	0.0	0	62506	0.0	0.9245	pathogenic	pathogenic	478.0	GREY	-3.872269530440805	True	pathogenic	True	False	False
6-160154854-C-G	P481R	missense_variant	rs763430267	1	1614120	6.195326245880108e-07	1	1180010	8.47450445335209e-07	0	44872	0.0	0	91070	0.0	0	75034	0.0	0	60012	0.0	0	64038	0.0	0	29606	0.0	0	6058	0.0	0	62508	0.0	0.9194	pathogenic	pathogenic	481.0	CORE	-1.1491479293138314	True	pathogenic	True	False	False
6-160154854-C-T	P481L	missense_variant	rs763430267	4	1614120	2.4781304983520438e-06	2	1180010	1.694900890670418e-06	0	44872	0.0	1	91070	1.0980564401010211e-05	0	75034	0.0	1	60012	1.6663333999866694e-05	0	64038	0.0	0	29606	0.0	0	6058	0.0	0	62508	0.0	0.8101	pathogenic	pathogenic	481.0	CORE	-2.526660262503949	True	pathogenic	True	False	False
6-160154910-G-C	A500P	missense_variant	rs777622481	3	1611724	1.861360878165244e-06	0	1178112	0.0	3	44870	6.685981724983285e-05	0	90948	0.0	0	74870	0.0	0	59942	0.0	0	64002	0.0	0	29592	0.0	0	6072	0.0	0	62404	0.0	0.7416	pathogenic	pathogenic	500.0	CORE	-2.2332811120284863	True	pathogenic	True	False	False
6-160155978-T-A	V501E	missense_variant	rs780279179	10	1613920	6.196093982353525e-06	0	1179996	0.0	0	44882	0.0	0	91068	0.0	10	74876	0.0001335541428495	0	59992	0.0	0	64020	0.0	0	29606	0.0	0	6082	0.0	0	62486	0.0	0.6043	pathogenic	pathogenic	501.0	GREY	-2.390020393187684	True	pathogenic	True	False	False
6-160155995-G-C	A507P	missense_variant		2	1613930	1.2392111182021525e-06	2	1179992	1.6949267452660696e-06	0	44854	0.0	0	91042	0.0	0	74956	0.0	0	60004	0.0	0	64004	0.0	0	29604	0.0	0	6062	0.0	0	62500	0.0	0.761	pathogenic	pathogenic	507.0	CORE	-1.8528868933822515	True	pathogenic	True	False	False
6-160155998-G-A	G508R	missense_variant	rs201773691	2	1614044	1.2391235926653797e-06	0	1180016	0.0	0	44858	0.0	0	91062	0.0	2	74996	2.6668088964744787e-05	0	60014	0.0	0	64016	0.0	0	29606	0.0	0	6062	0.0	0	62502	0.0	0.6924	pathogenic	pathogenic	508.0	GREY	-1.5062574318876756	True	pathogenic	True	False	False
6-160156005-C-T	T510M	missense_variant	rs201436325	61	1613892	3.7796829031930265e-05	51	1180018	4.321967969980119e-05	2	44872	4.457122481725798e-05	1	91064	1.0981287885443203e-05	5	74884	6.67699375033385e-05	0	59976	0.0	0	63994	0.0	0	29606	0.0	0	6084	0.0	2	62482	3.200921865497263e-05	0.1749	benign	benign	510.0	CORE	-1.2939650898253112	True	benign	True	False	True
6-160156017-C-A	P514Q	missense_variant		1	1614066	6.195533515977661e-07	1	1180016	8.474461363235753e-07	0	44870	0.0	0	91070	0.0	0	75012	0.0	0	60008	0.0	0	64006	0.0	0	29608	0.0	0	6060	0.0	0	62504	0.0	0.6493	pathogenic	pathogenic	514.0	GREY	-1.6246233907169805	True	pathogenic	True	False	False
6-160156022-A-G	T516A	missense_variant	rs1583361517	1	1613978	6.195871319187746e-07	1	1180002	8.474561907522191e-07	0	44862	0.0	0	91052	0.0	0	74978	0.0	0	59992	0.0	0	64010	0.0	0	29600	0.0	0	6062	0.0	0	62508	0.0	0.6168	pathogenic	pathogenic	516.0	CORE	-0.9484585433823272	True	pathogenic	True	False	False
6-160156023-C-A	T516N	missense_variant	rs757129099	17	1613912	1.0533411982809472e-05	0	1180020	0.0	0	44876	0.0	0	91066	0.0	0	74854	0.0	0	59988	0.0	17	64018	0.0002655503139741	0	29608	0.0	0	6084	0.0	0	62486	0.0	0.6559	pathogenic	pathogenic	516.0	CORE	-2.052689120156954	True	pathogenic	True	False	False
6-160156028-G-C	G518R	missense_variant		2	1614032	1.2391328052975409e-06	2	1179994	1.6949238724942669e-06	0	44866	0.0	0	91064	0.0	0	75002	0.0	0	60004	0.0	0	64016	0.0	0	29606	0.0	0	6062	0.0	0	62506	0.0	0.5656	pathogenic	pathogenic	518.0	EXPOSED	-0.8156811258141383	True	pathogenic	True	False	False
6-160156028-G-A	G518R	missense_variant	rs1211293108	14	1614032	8.673929637082785e-06	13	1179994	1.1017005171212737e-05	0	44866	0.0	0	91064	0.0	0	75002	0.0	1	60004	1.666555562962469e-05	0	64016	0.0	0	29606	0.0	0	6062	0.0	0	62506	0.0	0.5656	pathogenic	pathogenic	518.0	EXPOSED	-0.8156811258141383	True	pathogenic	True	False	False
6-160156029-G-A	G518E	missense_variant	rs780821519	15	1613934	9.2940603519103e-06	0	1180014	0.0	15	44886	0.0003341799224702	0	91072	0.0	0	74874	0.0	0	59986	0.0	0	64024	0.0	0	29606	0.0	0	6082	0.0	0	62478	0.0	0.3664	ambiguous	ambiguous	518.0	EXPOSED	-1.3182365823196651	True	ambiguous	True	False	True
6-160156041-C-G	P522R	missense_variant		2	1614112	1.2390713903372255e-06	2	1180026	1.6948779094697912e-06	0	44874	0.0	0	91074	0.0	0	75012	0.0	0	60006	0.0	0	64032	0.0	0	29606	0.0	0	6062	0.0	0	62508	0.0	0.7331	pathogenic	pathogenic	522.0	CORE	-2.2810342377926034	True	pathogenic	True	False	False
6-160156058-G-A	A528T	missense_variant	rs1283229958	38	1613898	2.354547809093264e-05	34	1179970	2.8814291888776837e-05	0	44880	0.0	2	91072	2.196064652143359e-05	1	74884	1.33539875006677e-05	0	59992	0.0	0	64018	0.0	0	29604	0.0	0	6084	0.0	1	62484	1.6004097048844504e-05	0.1508	benign	benign	528.0	CORE	-1.1231874200712753	True	benign	True	False	True
6-160156061-G-A	E529K	missense_variant	rs377475089	22	1613972	1.3630967575645677e-05	18	1179996	1.5254288997589824e-05	0	44886	0.0	0	91082	0.0	3	74908	4.004912692903295e-05	0	59990	0.0	1	64026	1.5618654921438165e-05	0	29604	0.0	0	6084	0.0	0	62484	0.0	0.3259	benign	benign	529.0	GREY	-1.098794161256967	True	benign	True	False	True
6-160156068-T-C	L531P	missense_variant	rs1352843412	4	1613896	2.478474449406901e-06	4	1179926	3.3900431043980723e-06	0	44884	0.0	0	91074	0.0	0	74900	0.0	0	60000	0.0	0	64036	0.0	0	29600	0.0	0	6082	0.0	0	62482	0.0	0.254	benign	benign	531.0	CORE	-0.978031911682166	True	benign	True	False	True
